# Knight model for Tabletop Simulator
mtllib english_knights.mtl
o english_knights
v 0.16000 0.00000 0.00000
v 0.14782 0.00000 0.06123
v 0.14782 0.12000 0.06123
v 0.16000 0.12000 0.00000
v 0.14782 0.00000 0.06123
v 0.11314 0.00000 0.11314
v 0.11314 0.12000 0.11314
v 0.14782 0.12000 0.06123
v 0.11314 0.00000 0.11314
v 0.06123 0.00000 0.14782
v 0.06123 0.12000 0.14782
v 0.11314 0.12000 0.11314
v 0.06123 0.00000 0.14782
v 0.00000 0.00000 0.16000
v 0.00000 0.12000 0.16000
v 0.06123 0.12000 0.14782
v 0.00000 0.00000 0.16000
v -0.06123 0.00000 0.14782
v -0.06123 0.12000 0.14782
v 0.00000 0.12000 0.16000
v -0.06123 0.00000 0.14782
v -0.11314 0.00000 0.11314
v -0.11314 0.12000 0.11314
v -0.06123 0.12000 0.14782
v -0.11314 0.00000 0.11314
v -0.14782 0.00000 0.06123
v -0.14782 0.12000 0.06123
v -0.11314 0.12000 0.11314
v -0.14782 0.00000 0.06123
v -0.16000 0.00000 0.00000
v -0.16000 0.12000 0.00000
v -0.14782 0.12000 0.06123
v -0.16000 0.00000 0.00000
v -0.14782 0.00000 -0.06123
v -0.14782 0.12000 -0.06123
v -0.16000 0.12000 0.00000
v -0.14782 0.00000 -0.06123
v -0.11314 0.00000 -0.11314
v -0.11314 0.12000 -0.11314
v -0.14782 0.12000 -0.06123
v -0.11314 0.00000 -0.11314
v -0.06123 0.00000 -0.14782
v -0.06123 0.12000 -0.14782
v -0.11314 0.12000 -0.11314
v -0.06123 0.00000 -0.14782
v -0.00000 0.00000 -0.16000
v -0.00000 0.12000 -0.16000
v -0.06123 0.12000 -0.14782
v -0.00000 0.00000 -0.16000
v 0.06123 0.00000 -0.14782
v 0.06123 0.12000 -0.14782
v -0.00000 0.12000 -0.16000
v 0.06123 0.00000 -0.14782
v 0.11314 0.00000 -0.11314
v 0.11314 0.12000 -0.11314
v 0.06123 0.12000 -0.14782
v 0.11314 0.00000 -0.11314
v 0.14782 0.00000 -0.06123
v 0.14782 0.12000 -0.06123
v 0.11314 0.12000 -0.11314
v 0.14782 0.00000 -0.06123
v 0.16000 0.00000 -0.00000
v 0.16000 0.12000 -0.00000
v 0.14782 0.12000 -0.06123
v 0.00000 0.12000 0.00000
v 0.16000 0.12000 0.00000
v 0.14782 0.12000 0.06123
v 0.14782 0.12000 0.06123
v 0.11314 0.12000 0.11314
v 0.11314 0.12000 0.11314
v 0.06123 0.12000 0.14782
v 0.06123 0.12000 0.14782
v 0.00000 0.12000 0.16000
v 0.00000 0.12000 0.16000
v -0.06123 0.12000 0.14782
v -0.06123 0.12000 0.14782
v -0.11314 0.12000 0.11314
v -0.11314 0.12000 0.11314
v -0.14782 0.12000 0.06123
v -0.14782 0.12000 0.06123
v -0.16000 0.12000 0.00000
v -0.16000 0.12000 0.00000
v -0.14782 0.12000 -0.06123
v -0.14782 0.12000 -0.06123
v -0.11314 0.12000 -0.11314
v -0.11314 0.12000 -0.11314
v -0.06123 0.12000 -0.14782
v -0.06123 0.12000 -0.14782
v -0.00000 0.12000 -0.16000
v -0.00000 0.12000 -0.16000
v 0.06123 0.12000 -0.14782
v 0.06123 0.12000 -0.14782
v 0.11314 0.12000 -0.11314
v 0.11314 0.12000 -0.11314
v 0.14782 0.12000 -0.06123
v 0.14782 0.12000 -0.06123
v 0.16000 0.12000 -0.00000
v 0.22000 0.12000 0.00000
v 0.20325 0.12000 0.08419
v 0.20325 0.52000 0.08419
v 0.22000 0.52000 0.00000
v 0.20325 0.12000 0.08419
v 0.15556 0.12000 0.15556
v 0.15556 0.52000 0.15556
v 0.20325 0.52000 0.08419
v 0.15556 0.12000 0.15556
v 0.08419 0.12000 0.20325
v 0.08419 0.52000 0.20325
v 0.15556 0.52000 0.15556
v 0.08419 0.12000 0.20325
v 0.00000 0.12000 0.22000
v 0.00000 0.52000 0.22000
v 0.08419 0.52000 0.20325
v 0.00000 0.12000 0.22000
v -0.08419 0.12000 0.20325
v -0.08419 0.52000 0.20325
v 0.00000 0.52000 0.22000
v -0.08419 0.12000 0.20325
v -0.15556 0.12000 0.15556
v -0.15556 0.52000 0.15556
v -0.08419 0.52000 0.20325
v -0.15556 0.12000 0.15556
v -0.20325 0.12000 0.08419
v -0.20325 0.52000 0.08419
v -0.15556 0.52000 0.15556
v -0.20325 0.12000 0.08419
v -0.22000 0.12000 0.00000
v -0.22000 0.52000 0.00000
v -0.20325 0.52000 0.08419
v -0.22000 0.12000 0.00000
v -0.20325 0.12000 -0.08419
v -0.20325 0.52000 -0.08419
v -0.22000 0.52000 0.00000
v -0.20325 0.12000 -0.08419
v -0.15556 0.12000 -0.15556
v -0.15556 0.52000 -0.15556
v -0.20325 0.52000 -0.08419
v -0.15556 0.12000 -0.15556
v -0.08419 0.12000 -0.20325
v -0.08419 0.52000 -0.20325
v -0.15556 0.52000 -0.15556
v -0.08419 0.12000 -0.20325
v -0.00000 0.12000 -0.22000
v -0.00000 0.52000 -0.22000
v -0.08419 0.52000 -0.20325
v -0.00000 0.12000 -0.22000
v 0.08419 0.12000 -0.20325
v 0.08419 0.52000 -0.20325
v -0.00000 0.52000 -0.22000
v 0.08419 0.12000 -0.20325
v 0.15556 0.12000 -0.15556
v 0.15556 0.52000 -0.15556
v 0.08419 0.52000 -0.20325
v 0.15556 0.12000 -0.15556
v 0.20325 0.12000 -0.08419
v 0.20325 0.52000 -0.08419
v 0.15556 0.52000 -0.15556
v 0.20325 0.12000 -0.08419
v 0.22000 0.12000 -0.00000
v 0.22000 0.52000 -0.00000
v 0.20325 0.52000 -0.08419
v 0.00000 0.52000 0.00000
v 0.22000 0.52000 0.00000
v 0.20325 0.52000 0.08419
v 0.20325 0.52000 0.08419
v 0.15556 0.52000 0.15556
v 0.15556 0.52000 0.15556
v 0.08419 0.52000 0.20325
v 0.08419 0.52000 0.20325
v 0.00000 0.52000 0.22000
v 0.00000 0.52000 0.22000
v -0.08419 0.52000 0.20325
v -0.08419 0.52000 0.20325
v -0.15556 0.52000 0.15556
v -0.15556 0.52000 0.15556
v -0.20325 0.52000 0.08419
v -0.20325 0.52000 0.08419
v -0.22000 0.52000 0.00000
v -0.22000 0.52000 0.00000
v -0.20325 0.52000 -0.08419
v -0.20325 0.52000 -0.08419
v -0.15556 0.52000 -0.15556
v -0.15556 0.52000 -0.15556
v -0.08419 0.52000 -0.20325
v -0.08419 0.52000 -0.20325
v -0.00000 0.52000 -0.22000
v -0.00000 0.52000 -0.22000
v 0.08419 0.52000 -0.20325
v 0.08419 0.52000 -0.20325
v 0.15556 0.52000 -0.15556
v 0.15556 0.52000 -0.15556
v 0.20325 0.52000 -0.08419
v 0.20325 0.52000 -0.08419
v 0.22000 0.52000 -0.00000
v 0.28000 0.48000 0.00000
v 0.25869 0.48000 0.10715
v 0.25869 0.56000 0.10715
v 0.28000 0.56000 0.00000
v 0.25869 0.48000 0.10715
v 0.19799 0.48000 0.19799
v 0.19799 0.56000 0.19799
v 0.25869 0.56000 0.10715
v 0.19799 0.48000 0.19799
v 0.10715 0.48000 0.25869
v 0.10715 0.56000 0.25869
v 0.19799 0.56000 0.19799
v 0.10715 0.48000 0.25869
v 0.00000 0.48000 0.28000
v 0.00000 0.56000 0.28000
v 0.10715 0.56000 0.25869
v 0.00000 0.48000 0.28000
v -0.10715 0.48000 0.25869
v -0.10715 0.56000 0.25869
v 0.00000 0.56000 0.28000
v -0.10715 0.48000 0.25869
v -0.19799 0.48000 0.19799
v -0.19799 0.56000 0.19799
v -0.10715 0.56000 0.25869
v -0.19799 0.48000 0.19799
v -0.25869 0.48000 0.10715
v -0.25869 0.56000 0.10715
v -0.19799 0.56000 0.19799
v -0.25869 0.48000 0.10715
v -0.28000 0.48000 0.00000
v -0.28000 0.56000 0.00000
v -0.25869 0.56000 0.10715
v -0.28000 0.48000 0.00000
v -0.25869 0.48000 -0.10715
v -0.25869 0.56000 -0.10715
v -0.28000 0.56000 0.00000
v -0.25869 0.48000 -0.10715
v -0.19799 0.48000 -0.19799
v -0.19799 0.56000 -0.19799
v -0.25869 0.56000 -0.10715
v -0.19799 0.48000 -0.19799
v -0.10715 0.48000 -0.25869
v -0.10715 0.56000 -0.25869
v -0.19799 0.56000 -0.19799
v -0.10715 0.48000 -0.25869
v -0.00000 0.48000 -0.28000
v -0.00000 0.56000 -0.28000
v -0.10715 0.56000 -0.25869
v -0.00000 0.48000 -0.28000
v 0.10715 0.48000 -0.25869
v 0.10715 0.56000 -0.25869
v -0.00000 0.56000 -0.28000
v 0.10715 0.48000 -0.25869
v 0.19799 0.48000 -0.19799
v 0.19799 0.56000 -0.19799
v 0.10715 0.56000 -0.25869
v 0.19799 0.48000 -0.19799
v 0.25869 0.48000 -0.10715
v 0.25869 0.56000 -0.10715
v 0.19799 0.56000 -0.19799
v 0.25869 0.48000 -0.10715
v 0.28000 0.48000 -0.00000
v 0.28000 0.56000 -0.00000
v 0.25869 0.56000 -0.10715
v 0.00000 0.56000 0.00000
v 0.28000 0.56000 0.00000
v 0.25869 0.56000 0.10715
v 0.25869 0.56000 0.10715
v 0.19799 0.56000 0.19799
v 0.19799 0.56000 0.19799
v 0.10715 0.56000 0.25869
v 0.10715 0.56000 0.25869
v 0.00000 0.56000 0.28000
v 0.00000 0.56000 0.28000
v -0.10715 0.56000 0.25869
v -0.10715 0.56000 0.25869
v -0.19799 0.56000 0.19799
v -0.19799 0.56000 0.19799
v -0.25869 0.56000 0.10715
v -0.25869 0.56000 0.10715
v -0.28000 0.56000 0.00000
v -0.28000 0.56000 0.00000
v -0.25869 0.56000 -0.10715
v -0.25869 0.56000 -0.10715
v -0.19799 0.56000 -0.19799
v -0.19799 0.56000 -0.19799
v -0.10715 0.56000 -0.25869
v -0.10715 0.56000 -0.25869
v -0.00000 0.56000 -0.28000
v -0.00000 0.56000 -0.28000
v 0.10715 0.56000 -0.25869
v 0.10715 0.56000 -0.25869
v 0.19799 0.56000 -0.19799
v 0.19799 0.56000 -0.19799
v 0.25869 0.56000 -0.10715
v 0.25869 0.56000 -0.10715
v 0.28000 0.56000 -0.00000
v 0.00000 0.90000 0.00000
v 0.06888 0.88630 0.00000
v 0.06364 0.88630 0.02636
v 0.00000 0.90000 0.00000
v 0.06364 0.88630 0.02636
v 0.04871 0.88630 0.04871
v 0.00000 0.90000 0.00000
v 0.04871 0.88630 0.04871
v 0.02636 0.88630 0.06364
v 0.00000 0.90000 0.00000
v 0.02636 0.88630 0.06364
v 0.00000 0.88630 0.06888
v 0.00000 0.90000 0.00000
v 0.00000 0.88630 0.06888
v -0.02636 0.88630 0.06364
v 0.00000 0.90000 0.00000
v -0.02636 0.88630 0.06364
v -0.04871 0.88630 0.04871
v 0.00000 0.90000 0.00000
v -0.04871 0.88630 0.04871
v -0.06364 0.88630 0.02636
v 0.00000 0.90000 0.00000
v -0.06364 0.88630 0.02636
v -0.06888 0.88630 0.00000
v 0.00000 0.90000 0.00000
v -0.06888 0.88630 0.00000
v -0.06364 0.88630 -0.02636
v 0.00000 0.90000 0.00000
v -0.06364 0.88630 -0.02636
v -0.04871 0.88630 -0.04871
v 0.00000 0.90000 0.00000
v -0.04871 0.88630 -0.04871
v -0.02636 0.88630 -0.06364
v 0.00000 0.90000 0.00000
v -0.02636 0.88630 -0.06364
v -0.00000 0.88630 -0.06888
v 0.00000 0.90000 0.00000
v -0.00000 0.88630 -0.06888
v 0.02636 0.88630 -0.06364
v 0.00000 0.90000 0.00000
v 0.02636 0.88630 -0.06364
v 0.04871 0.88630 -0.04871
v 0.00000 0.90000 0.00000
v 0.04871 0.88630 -0.04871
v 0.06364 0.88630 -0.02636
v 0.00000 0.90000 0.00000
v 0.06364 0.88630 -0.02636
v 0.06888 0.88630 -0.00000
v 0.06888 0.88630 0.00000
v 0.06364 0.88630 0.02636
v 0.12728 0.84728 0.00000
v 0.11759 0.84728 0.04871
v 0.06364 0.88630 0.02636
v 0.04871 0.88630 0.04871
v 0.11759 0.84728 0.04871
v 0.09000 0.84728 0.09000
v 0.04871 0.88630 0.04871
v 0.02636 0.88630 0.06364
v 0.09000 0.84728 0.09000
v 0.04871 0.84728 0.11759
v 0.02636 0.88630 0.06364
v 0.00000 0.88630 0.06888
v 0.04871 0.84728 0.11759
v 0.00000 0.84728 0.12728
v 0.00000 0.88630 0.06888
v -0.02636 0.88630 0.06364
v 0.00000 0.84728 0.12728
v -0.04871 0.84728 0.11759
v -0.02636 0.88630 0.06364
v -0.04871 0.88630 0.04871
v -0.04871 0.84728 0.11759
v -0.09000 0.84728 0.09000
v -0.04871 0.88630 0.04871
v -0.06364 0.88630 0.02636
v -0.09000 0.84728 0.09000
v -0.11759 0.84728 0.04871
v -0.06364 0.88630 0.02636
v -0.06888 0.88630 0.00000
v -0.11759 0.84728 0.04871
v -0.12728 0.84728 0.00000
v -0.06888 0.88630 0.00000
v -0.06364 0.88630 -0.02636
v -0.12728 0.84728 0.00000
v -0.11759 0.84728 -0.04871
v -0.06364 0.88630 -0.02636
v -0.04871 0.88630 -0.04871
v -0.11759 0.84728 -0.04871
v -0.09000 0.84728 -0.09000
v -0.04871 0.88630 -0.04871
v -0.02636 0.88630 -0.06364
v -0.09000 0.84728 -0.09000
v -0.04871 0.84728 -0.11759
v -0.02636 0.88630 -0.06364
v -0.00000 0.88630 -0.06888
v -0.04871 0.84728 -0.11759
v -0.00000 0.84728 -0.12728
v -0.00000 0.88630 -0.06888
v 0.02636 0.88630 -0.06364
v -0.00000 0.84728 -0.12728
v 0.04871 0.84728 -0.11759
v 0.02636 0.88630 -0.06364
v 0.04871 0.88630 -0.04871
v 0.04871 0.84728 -0.11759
v 0.09000 0.84728 -0.09000
v 0.04871 0.88630 -0.04871
v 0.06364 0.88630 -0.02636
v 0.09000 0.84728 -0.09000
v 0.11759 0.84728 -0.04871
v 0.06364 0.88630 -0.02636
v 0.06888 0.88630 -0.00000
v 0.11759 0.84728 -0.04871
v 0.12728 0.84728 -0.00000
v 0.12728 0.84728 0.00000
v 0.11759 0.84728 0.04871
v 0.16630 0.78888 0.00000
v 0.15364 0.78888 0.06364
v 0.11759 0.84728 0.04871
v 0.09000 0.84728 0.09000
v 0.15364 0.78888 0.06364
v 0.11759 0.78888 0.11759
v 0.09000 0.84728 0.09000
v 0.04871 0.84728 0.11759
v 0.11759 0.78888 0.11759
v 0.06364 0.78888 0.15364
v 0.04871 0.84728 0.11759
v 0.00000 0.84728 0.12728
v 0.06364 0.78888 0.15364
v 0.00000 0.78888 0.16630
v 0.00000 0.84728 0.12728
v -0.04871 0.84728 0.11759
v 0.00000 0.78888 0.16630
v -0.06364 0.78888 0.15364
v -0.04871 0.84728 0.11759
v -0.09000 0.84728 0.09000
v -0.06364 0.78888 0.15364
v -0.11759 0.78888 0.11759
v -0.09000 0.84728 0.09000
v -0.11759 0.84728 0.04871
v -0.11759 0.78888 0.11759
v -0.15364 0.78888 0.06364
v -0.11759 0.84728 0.04871
v -0.12728 0.84728 0.00000
v -0.15364 0.78888 0.06364
v -0.16630 0.78888 0.00000
v -0.12728 0.84728 0.00000
v -0.11759 0.84728 -0.04871
v -0.16630 0.78888 0.00000
v -0.15364 0.78888 -0.06364
v -0.11759 0.84728 -0.04871
v -0.09000 0.84728 -0.09000
v -0.15364 0.78888 -0.06364
v -0.11759 0.78888 -0.11759
v -0.09000 0.84728 -0.09000
v -0.04871 0.84728 -0.11759
v -0.11759 0.78888 -0.11759
v -0.06364 0.78888 -0.15364
v -0.04871 0.84728 -0.11759
v -0.00000 0.84728 -0.12728
v -0.06364 0.78888 -0.15364
v -0.00000 0.78888 -0.16630
v -0.00000 0.84728 -0.12728
v 0.04871 0.84728 -0.11759
v -0.00000 0.78888 -0.16630
v 0.06364 0.78888 -0.15364
v 0.04871 0.84728 -0.11759
v 0.09000 0.84728 -0.09000
v 0.06364 0.78888 -0.15364
v 0.11759 0.78888 -0.11759
v 0.09000 0.84728 -0.09000
v 0.11759 0.84728 -0.04871
v 0.11759 0.78888 -0.11759
v 0.15364 0.78888 -0.06364
v 0.11759 0.84728 -0.04871
v 0.12728 0.84728 -0.00000
v 0.15364 0.78888 -0.06364
v 0.16630 0.78888 -0.00000
v 0.16630 0.78888 0.00000
v 0.15364 0.78888 0.06364
v 0.18000 0.72000 0.00000
v 0.16630 0.72000 0.06888
v 0.15364 0.78888 0.06364
v 0.11759 0.78888 0.11759
v 0.16630 0.72000 0.06888
v 0.12728 0.72000 0.12728
v 0.11759 0.78888 0.11759
v 0.06364 0.78888 0.15364
v 0.12728 0.72000 0.12728
v 0.06888 0.72000 0.16630
v 0.06364 0.78888 0.15364
v 0.00000 0.78888 0.16630
v 0.06888 0.72000 0.16630
v 0.00000 0.72000 0.18000
v 0.00000 0.78888 0.16630
v -0.06364 0.78888 0.15364
v 0.00000 0.72000 0.18000
v -0.06888 0.72000 0.16630
v -0.06364 0.78888 0.15364
v -0.11759 0.78888 0.11759
v -0.06888 0.72000 0.16630
v -0.12728 0.72000 0.12728
v -0.11759 0.78888 0.11759
v -0.15364 0.78888 0.06364
v -0.12728 0.72000 0.12728
v -0.16630 0.72000 0.06888
v -0.15364 0.78888 0.06364
v -0.16630 0.78888 0.00000
v -0.16630 0.72000 0.06888
v -0.18000 0.72000 0.00000
v -0.16630 0.78888 0.00000
v -0.15364 0.78888 -0.06364
v -0.18000 0.72000 0.00000
v -0.16630 0.72000 -0.06888
v -0.15364 0.78888 -0.06364
v -0.11759 0.78888 -0.11759
v -0.16630 0.72000 -0.06888
v -0.12728 0.72000 -0.12728
v -0.11759 0.78888 -0.11759
v -0.06364 0.78888 -0.15364
v -0.12728 0.72000 -0.12728
v -0.06888 0.72000 -0.16630
v -0.06364 0.78888 -0.15364
v -0.00000 0.78888 -0.16630
v -0.06888 0.72000 -0.16630
v -0.00000 0.72000 -0.18000
v -0.00000 0.78888 -0.16630
v 0.06364 0.78888 -0.15364
v -0.00000 0.72000 -0.18000
v 0.06888 0.72000 -0.16630
v 0.06364 0.78888 -0.15364
v 0.11759 0.78888 -0.11759
v 0.06888 0.72000 -0.16630
v 0.12728 0.72000 -0.12728
v 0.11759 0.78888 -0.11759
v 0.15364 0.78888 -0.06364
v 0.12728 0.72000 -0.12728
v 0.16630 0.72000 -0.06888
v 0.15364 0.78888 -0.06364
v 0.16630 0.78888 -0.00000
v 0.16630 0.72000 -0.06888
v 0.18000 0.72000 -0.00000
v 0.18000 0.72000 0.00000
v 0.16630 0.72000 0.06888
v 0.16630 0.65112 0.00000
v 0.15364 0.65112 0.06364
v 0.16630 0.72000 0.06888
v 0.12728 0.72000 0.12728
v 0.15364 0.65112 0.06364
v 0.11759 0.65112 0.11759
v 0.12728 0.72000 0.12728
v 0.06888 0.72000 0.16630
v 0.11759 0.65112 0.11759
v 0.06364 0.65112 0.15364
v 0.06888 0.72000 0.16630
v 0.00000 0.72000 0.18000
v 0.06364 0.65112 0.15364
v 0.00000 0.65112 0.16630
v 0.00000 0.72000 0.18000
v -0.06888 0.72000 0.16630
v 0.00000 0.65112 0.16630
v -0.06364 0.65112 0.15364
v -0.06888 0.72000 0.16630
v -0.12728 0.72000 0.12728
v -0.06364 0.65112 0.15364
v -0.11759 0.65112 0.11759
v -0.12728 0.72000 0.12728
v -0.16630 0.72000 0.06888
v -0.11759 0.65112 0.11759
v -0.15364 0.65112 0.06364
v -0.16630 0.72000 0.06888
v -0.18000 0.72000 0.00000
v -0.15364 0.65112 0.06364
v -0.16630 0.65112 0.00000
v -0.18000 0.72000 0.00000
v -0.16630 0.72000 -0.06888
v -0.16630 0.65112 0.00000
v -0.15364 0.65112 -0.06364
v -0.16630 0.72000 -0.06888
v -0.12728 0.72000 -0.12728
v -0.15364 0.65112 -0.06364
v -0.11759 0.65112 -0.11759
v -0.12728 0.72000 -0.12728
v -0.06888 0.72000 -0.16630
v -0.11759 0.65112 -0.11759
v -0.06364 0.65112 -0.15364
v -0.06888 0.72000 -0.16630
v -0.00000 0.72000 -0.18000
v -0.06364 0.65112 -0.15364
v -0.00000 0.65112 -0.16630
v -0.00000 0.72000 -0.18000
v 0.06888 0.72000 -0.16630
v -0.00000 0.65112 -0.16630
v 0.06364 0.65112 -0.15364
v 0.06888 0.72000 -0.16630
v 0.12728 0.72000 -0.12728
v 0.06364 0.65112 -0.15364
v 0.11759 0.65112 -0.11759
v 0.12728 0.72000 -0.12728
v 0.16630 0.72000 -0.06888
v 0.11759 0.65112 -0.11759
v 0.15364 0.65112 -0.06364
v 0.16630 0.72000 -0.06888
v 0.18000 0.72000 -0.00000
v 0.15364 0.65112 -0.06364
v 0.16630 0.65112 -0.00000
v 0.16630 0.65112 0.00000
v 0.15364 0.65112 0.06364
v 0.12728 0.59272 0.00000
v 0.11759 0.59272 0.04871
v 0.15364 0.65112 0.06364
v 0.11759 0.65112 0.11759
v 0.11759 0.59272 0.04871
v 0.09000 0.59272 0.09000
v 0.11759 0.65112 0.11759
v 0.06364 0.65112 0.15364
v 0.09000 0.59272 0.09000
v 0.04871 0.59272 0.11759
v 0.06364 0.65112 0.15364
v 0.00000 0.65112 0.16630
v 0.04871 0.59272 0.11759
v 0.00000 0.59272 0.12728
v 0.00000 0.65112 0.16630
v -0.06364 0.65112 0.15364
v 0.00000 0.59272 0.12728
v -0.04871 0.59272 0.11759
v -0.06364 0.65112 0.15364
v -0.11759 0.65112 0.11759
v -0.04871 0.59272 0.11759
v -0.09000 0.59272 0.09000
v -0.11759 0.65112 0.11759
v -0.15364 0.65112 0.06364
v -0.09000 0.59272 0.09000
v -0.11759 0.59272 0.04871
v -0.15364 0.65112 0.06364
v -0.16630 0.65112 0.00000
v -0.11759 0.59272 0.04871
v -0.12728 0.59272 0.00000
v -0.16630 0.65112 0.00000
v -0.15364 0.65112 -0.06364
v -0.12728 0.59272 0.00000
v -0.11759 0.59272 -0.04871
v -0.15364 0.65112 -0.06364
v -0.11759 0.65112 -0.11759
v -0.11759 0.59272 -0.04871
v -0.09000 0.59272 -0.09000
v -0.11759 0.65112 -0.11759
v -0.06364 0.65112 -0.15364
v -0.09000 0.59272 -0.09000
v -0.04871 0.59272 -0.11759
v -0.06364 0.65112 -0.15364
v -0.00000 0.65112 -0.16630
v -0.04871 0.59272 -0.11759
v -0.00000 0.59272 -0.12728
v -0.00000 0.65112 -0.16630
v 0.06364 0.65112 -0.15364
v -0.00000 0.59272 -0.12728
v 0.04871 0.59272 -0.11759
v 0.06364 0.65112 -0.15364
v 0.11759 0.65112 -0.11759
v 0.04871 0.59272 -0.11759
v 0.09000 0.59272 -0.09000
v 0.11759 0.65112 -0.11759
v 0.15364 0.65112 -0.06364
v 0.09000 0.59272 -0.09000
v 0.11759 0.59272 -0.04871
v 0.15364 0.65112 -0.06364
v 0.16630 0.65112 -0.00000
v 0.11759 0.59272 -0.04871
v 0.12728 0.59272 -0.00000
v 0.12728 0.59272 0.00000
v 0.11759 0.59272 0.04871
v 0.06888 0.55370 0.00000
v 0.06364 0.55370 0.02636
v 0.11759 0.59272 0.04871
v 0.09000 0.59272 0.09000
v 0.06364 0.55370 0.02636
v 0.04871 0.55370 0.04871
v 0.09000 0.59272 0.09000
v 0.04871 0.59272 0.11759
v 0.04871 0.55370 0.04871
v 0.02636 0.55370 0.06364
v 0.04871 0.59272 0.11759
v 0.00000 0.59272 0.12728
v 0.02636 0.55370 0.06364
v 0.00000 0.55370 0.06888
v 0.00000 0.59272 0.12728
v -0.04871 0.59272 0.11759
v 0.00000 0.55370 0.06888
v -0.02636 0.55370 0.06364
v -0.04871 0.59272 0.11759
v -0.09000 0.59272 0.09000
v -0.02636 0.55370 0.06364
v -0.04871 0.55370 0.04871
v -0.09000 0.59272 0.09000
v -0.11759 0.59272 0.04871
v -0.04871 0.55370 0.04871
v -0.06364 0.55370 0.02636
v -0.11759 0.59272 0.04871
v -0.12728 0.59272 0.00000
v -0.06364 0.55370 0.02636
v -0.06888 0.55370 0.00000
v -0.12728 0.59272 0.00000
v -0.11759 0.59272 -0.04871
v -0.06888 0.55370 0.00000
v -0.06364 0.55370 -0.02636
v -0.11759 0.59272 -0.04871
v -0.09000 0.59272 -0.09000
v -0.06364 0.55370 -0.02636
v -0.04871 0.55370 -0.04871
v -0.09000 0.59272 -0.09000
v -0.04871 0.59272 -0.11759
v -0.04871 0.55370 -0.04871
v -0.02636 0.55370 -0.06364
v -0.04871 0.59272 -0.11759
v -0.00000 0.59272 -0.12728
v -0.02636 0.55370 -0.06364
v -0.00000 0.55370 -0.06888
v -0.00000 0.59272 -0.12728
v 0.04871 0.59272 -0.11759
v -0.00000 0.55370 -0.06888
v 0.02636 0.55370 -0.06364
v 0.04871 0.59272 -0.11759
v 0.09000 0.59272 -0.09000
v 0.02636 0.55370 -0.06364
v 0.04871 0.55370 -0.04871
v 0.09000 0.59272 -0.09000
v 0.11759 0.59272 -0.04871
v 0.04871 0.55370 -0.04871
v 0.06364 0.55370 -0.02636
v 0.11759 0.59272 -0.04871
v 0.12728 0.59272 -0.00000
v 0.06364 0.55370 -0.02636
v 0.06888 0.55370 -0.00000
v 0.00000 0.54000 0.00000
v 0.06888 0.55370 0.00000
v 0.06364 0.55370 0.02636
v 0.00000 0.54000 0.00000
v 0.06364 0.55370 0.02636
v 0.04871 0.55370 0.04871
v 0.00000 0.54000 0.00000
v 0.04871 0.55370 0.04871
v 0.02636 0.55370 0.06364
v 0.00000 0.54000 0.00000
v 0.02636 0.55370 0.06364
v 0.00000 0.55370 0.06888
v -0.00000 0.54000 0.00000
v 0.00000 0.55370 0.06888
v -0.02636 0.55370 0.06364
v -0.00000 0.54000 0.00000
v -0.02636 0.55370 0.06364
v -0.04871 0.55370 0.04871
v -0.00000 0.54000 0.00000
v -0.04871 0.55370 0.04871
v -0.06364 0.55370 0.02636
v -0.00000 0.54000 0.00000
v -0.06364 0.55370 0.02636
v -0.06888 0.55370 0.00000
v -0.00000 0.54000 -0.00000
v -0.06888 0.55370 0.00000
v -0.06364 0.55370 -0.02636
v -0.00000 0.54000 -0.00000
v -0.06364 0.55370 -0.02636
v -0.04871 0.55370 -0.04871
v -0.00000 0.54000 -0.00000
v -0.04871 0.55370 -0.04871
v -0.02636 0.55370 -0.06364
v -0.00000 0.54000 -0.00000
v -0.02636 0.55370 -0.06364
v -0.00000 0.55370 -0.06888
v 0.00000 0.54000 -0.00000
v -0.00000 0.55370 -0.06888
v 0.02636 0.55370 -0.06364
v 0.00000 0.54000 -0.00000
v 0.02636 0.55370 -0.06364
v 0.04871 0.55370 -0.04871
v 0.00000 0.54000 -0.00000
v 0.04871 0.55370 -0.04871
v 0.06364 0.55370 -0.02636
v 0.00000 0.54000 -0.00000
v 0.06364 0.55370 -0.02636
v 0.06888 0.55370 -0.00000
v -0.03000 0.60000 0.14000
v 0.03000 0.60000 0.14000
v 0.03000 0.76000 0.14000
v -0.03000 0.76000 0.14000
v -0.03000 0.60000 0.18000
v 0.03000 0.60000 0.18000
v 0.03000 0.76000 0.18000
v -0.03000 0.76000 0.18000
v 0.06000 0.88000 0.00000
v 0.04243 0.88000 0.04243
v 0.04243 1.06000 0.04243
v 0.06000 1.06000 0.00000
v 0.04243 0.88000 0.04243
v 0.00000 0.88000 0.06000
v 0.00000 1.06000 0.06000
v 0.04243 1.06000 0.04243
v 0.00000 0.88000 0.06000
v -0.04243 0.88000 0.04243
v -0.04243 1.06000 0.04243
v 0.00000 1.06000 0.06000
v -0.04243 0.88000 0.04243
v -0.06000 0.88000 0.00000
v -0.06000 1.06000 0.00000
v -0.04243 1.06000 0.04243
v -0.06000 0.88000 0.00000
v -0.04243 0.88000 -0.04243
v -0.04243 1.06000 -0.04243
v -0.06000 1.06000 0.00000
v -0.04243 0.88000 -0.04243
v -0.00000 0.88000 -0.06000
v -0.00000 1.06000 -0.06000
v -0.04243 1.06000 -0.04243
v -0.00000 0.88000 -0.06000
v 0.04243 0.88000 -0.04243
v 0.04243 1.06000 -0.04243
v -0.00000 1.06000 -0.06000
v 0.04243 0.88000 -0.04243
v 0.06000 0.88000 -0.00000
v 0.06000 1.06000 -0.00000
v 0.04243 1.06000 -0.04243
v 0.00000 1.06000 0.00000
v 0.06000 1.06000 0.00000
v 0.04243 1.06000 0.04243
v 0.04243 1.06000 0.04243
v 0.00000 1.06000 0.06000
v 0.00000 1.06000 0.06000
v -0.04243 1.06000 0.04243
v -0.04243 1.06000 0.04243
v -0.06000 1.06000 0.00000
v -0.06000 1.06000 0.00000
v -0.04243 1.06000 -0.04243
v -0.04243 1.06000 -0.04243
v -0.00000 1.06000 -0.06000
v -0.00000 1.06000 -0.06000
v 0.04243 1.06000 -0.04243
v 0.04243 1.06000 -0.04243
v 0.06000 1.06000 -0.00000
v -0.11000 0.18000 0.21000
v 0.11000 0.18000 0.21000
v 0.11000 0.46000 0.21000
v -0.11000 0.46000 0.21000
v -0.11000 0.18000 0.25000
v 0.11000 0.18000 0.25000
v 0.11000 0.46000 0.25000
v -0.11000 0.46000 0.25000
v 0.07000 0.30000 0.00000
v 0.05663 0.30000 0.04114
v 0.05663 0.48000 0.04114
v 0.07000 0.48000 0.00000
v 0.05663 0.30000 0.04114
v 0.02163 0.30000 0.06657
v 0.02163 0.48000 0.06657
v 0.05663 0.48000 0.04114
v 0.02163 0.30000 0.06657
v -0.02163 0.30000 0.06657
v -0.02163 0.48000 0.06657
v 0.02163 0.48000 0.06657
v -0.02163 0.30000 0.06657
v -0.05663 0.30000 0.04114
v -0.05663 0.48000 0.04114
v -0.02163 0.48000 0.06657
v -0.05663 0.30000 0.04114
v -0.07000 0.30000 0.00000
v -0.07000 0.48000 0.00000
v -0.05663 0.48000 0.04114
v -0.07000 0.30000 0.00000
v -0.05663 0.30000 -0.04114
v -0.05663 0.48000 -0.04114
v -0.07000 0.48000 0.00000
v -0.05663 0.30000 -0.04114
v -0.02163 0.30000 -0.06657
v -0.02163 0.48000 -0.06657
v -0.05663 0.48000 -0.04114
v -0.02163 0.30000 -0.06657
v 0.02163 0.30000 -0.06657
v 0.02163 0.48000 -0.06657
v -0.02163 0.48000 -0.06657
v 0.02163 0.30000 -0.06657
v 0.05663 0.30000 -0.04114
v 0.05663 0.48000 -0.04114
v 0.02163 0.48000 -0.06657
v 0.05663 0.30000 -0.04114
v 0.07000 0.30000 -0.00000
v 0.07000 0.48000 -0.00000
v 0.05663 0.48000 -0.04114
v 0.00000 0.48000 0.00000
v 0.07000 0.48000 0.00000
v 0.05663 0.48000 0.04114
v 0.05663 0.48000 0.04114
v 0.02163 0.48000 0.06657
v 0.02163 0.48000 0.06657
v -0.02163 0.48000 0.06657
v -0.02163 0.48000 0.06657
v -0.05663 0.48000 0.04114
v -0.05663 0.48000 0.04114
v -0.07000 0.48000 0.00000
v -0.07000 0.48000 0.00000
v -0.05663 0.48000 -0.04114
v -0.05663 0.48000 -0.04114
v -0.02163 0.48000 -0.06657
v -0.02163 0.48000 -0.06657
v 0.02163 0.48000 -0.06657
v 0.02163 0.48000 -0.06657
v 0.05663 0.48000 -0.04114
v 0.05663 0.48000 -0.04114
v 0.07000 0.48000 -0.00000
v 0.07000 0.30000 0.00000
v 0.05663 0.30000 0.04114
v 0.05663 0.48000 0.04114
v 0.07000 0.48000 0.00000
v 0.05663 0.30000 0.04114
v 0.02163 0.30000 0.06657
v 0.02163 0.48000 0.06657
v 0.05663 0.48000 0.04114
v 0.02163 0.30000 0.06657
v -0.02163 0.30000 0.06657
v -0.02163 0.48000 0.06657
v 0.02163 0.48000 0.06657
v -0.02163 0.30000 0.06657
v -0.05663 0.30000 0.04114
v -0.05663 0.48000 0.04114
v -0.02163 0.48000 0.06657
v -0.05663 0.30000 0.04114
v -0.07000 0.30000 0.00000
v -0.07000 0.48000 0.00000
v -0.05663 0.48000 0.04114
v -0.07000 0.30000 0.00000
v -0.05663 0.30000 -0.04114
v -0.05663 0.48000 -0.04114
v -0.07000 0.48000 0.00000
v -0.05663 0.30000 -0.04114
v -0.02163 0.30000 -0.06657
v -0.02163 0.48000 -0.06657
v -0.05663 0.48000 -0.04114
v -0.02163 0.30000 -0.06657
v 0.02163 0.30000 -0.06657
v 0.02163 0.48000 -0.06657
v -0.02163 0.48000 -0.06657
v 0.02163 0.30000 -0.06657
v 0.05663 0.30000 -0.04114
v 0.05663 0.48000 -0.04114
v 0.02163 0.48000 -0.06657
v 0.05663 0.30000 -0.04114
v 0.07000 0.30000 -0.00000
v 0.07000 0.48000 -0.00000
v 0.05663 0.48000 -0.04114
v 0.00000 0.48000 0.00000
v 0.07000 0.48000 0.00000
v 0.05663 0.48000 0.04114
v 0.05663 0.48000 0.04114
v 0.02163 0.48000 0.06657
v 0.02163 0.48000 0.06657
v -0.02163 0.48000 0.06657
v -0.02163 0.48000 0.06657
v -0.05663 0.48000 0.04114
v -0.05663 0.48000 0.04114
v -0.07000 0.48000 0.00000
v -0.07000 0.48000 0.00000
v -0.05663 0.48000 -0.04114
v -0.05663 0.48000 -0.04114
v -0.02163 0.48000 -0.06657
v -0.02163 0.48000 -0.06657
v 0.02163 0.48000 -0.06657
v 0.02163 0.48000 -0.06657
v 0.05663 0.48000 -0.04114
v 0.05663 0.48000 -0.04114
v 0.07000 0.48000 -0.00000
v -0.45000 0.30000 0.00000
v -0.20337 0.30000 0.04114
v -0.46337 0.48000 0.04114
v -0.19000 0.48000 0.00000
v -0.46337 0.30000 0.04114
v -0.23837 0.30000 0.06657
v -0.49837 0.48000 0.06657
v -0.20337 0.48000 0.04114
v -0.49837 0.30000 0.06657
v -0.28163 0.30000 0.06657
v -0.54163 0.48000 0.06657
v -0.23837 0.48000 0.06657
v -0.54163 0.30000 0.06657
v -0.31663 0.30000 0.04114
v -0.57663 0.48000 0.04114
v -0.28163 0.48000 0.06657
v -0.57663 0.30000 0.04114
v -0.33000 0.30000 0.00000
v -0.59000 0.48000 0.00000
v -0.31663 0.48000 0.04114
v -0.59000 0.30000 0.00000
v -0.31663 0.30000 -0.04114
v -0.57663 0.48000 -0.04114
v -0.33000 0.48000 0.00000
v -0.57663 0.30000 -0.04114
v -0.28163 0.30000 -0.06657
v -0.54163 0.48000 -0.06657
v -0.31663 0.48000 -0.04114
v -0.54163 0.30000 -0.06657
v -0.23837 0.30000 -0.06657
v -0.49837 0.48000 -0.06657
v -0.28163 0.48000 -0.06657
v -0.49837 0.30000 -0.06657
v -0.20337 0.30000 -0.04114
v -0.46337 0.48000 -0.04114
v -0.23837 0.48000 -0.06657
v -0.46337 0.30000 -0.04114
v -0.19000 0.30000 -0.00000
v -0.45000 0.48000 -0.00000
v -0.20337 0.48000 -0.04114
v -2.60000 0.48000 0.00000
v -0.19000 0.48000 0.00000
v -0.20337 0.48000 0.04114
v -0.20337 0.48000 0.04114
v -0.23837 0.48000 0.06657
v -0.23837 0.48000 0.06657
v -0.28163 0.48000 0.06657
v -0.28163 0.48000 0.06657
v -0.31663 0.48000 0.04114
v -0.31663 0.48000 0.04114
v -0.33000 0.48000 0.00000
v -0.33000 0.48000 0.00000
v -0.31663 0.48000 -0.04114
v -0.31663 0.48000 -0.04114
v -0.28163 0.48000 -0.06657
v -0.28163 0.48000 -0.06657
v -0.23837 0.48000 -0.06657
v -0.23837 0.48000 -0.06657
v -0.20337 0.48000 -0.04114
v -0.20337 0.48000 -0.04114
v -0.19000 0.48000 -0.00000
v 0.59000 0.30000 0.00000
v 0.31663 0.30000 0.04114
v 0.57663 0.48000 0.04114
v 0.33000 0.48000 0.00000
v 0.57663 0.30000 0.04114
v 0.28163 0.30000 0.06657
v 0.54163 0.48000 0.06657
v 0.31663 0.48000 0.04114
v 0.54163 0.30000 0.06657
v 0.23837 0.30000 0.06657
v 0.49837 0.48000 0.06657
v 0.28163 0.48000 0.06657
v 0.49837 0.30000 0.06657
v 0.20337 0.30000 0.04114
v 0.46337 0.48000 0.04114
v 0.23837 0.48000 0.06657
v 0.46337 0.30000 0.04114
v 0.19000 0.30000 0.00000
v 0.45000 0.48000 0.00000
v 0.20337 0.48000 0.04114
v 0.45000 0.30000 0.00000
v 0.20337 0.30000 -0.04114
v 0.46337 0.48000 -0.04114
v 0.19000 0.48000 0.00000
v 0.46337 0.30000 -0.04114
v 0.23837 0.30000 -0.06657
v 0.49837 0.48000 -0.06657
v 0.20337 0.48000 -0.04114
v 0.49837 0.30000 -0.06657
v 0.28163 0.30000 -0.06657
v 0.54163 0.48000 -0.06657
v 0.23837 0.48000 -0.06657
v 0.54163 0.30000 -0.06657
v 0.31663 0.30000 -0.04114
v 0.57663 0.48000 -0.04114
v 0.28163 0.48000 -0.06657
v 0.57663 0.30000 -0.04114
v 0.33000 0.30000 -0.00000
v 0.59000 0.48000 -0.00000
v 0.31663 0.48000 -0.04114
v 2.60000 0.48000 0.00000
v 0.33000 0.48000 0.00000
v 0.31663 0.48000 0.04114
v 0.31663 0.48000 0.04114
v 0.28163 0.48000 0.06657
v 0.28163 0.48000 0.06657
v 0.23837 0.48000 0.06657
v 0.23837 0.48000 0.06657
v 0.20337 0.48000 0.04114
v 0.20337 0.48000 0.04114
v 0.19000 0.48000 0.00000
v 0.19000 0.48000 0.00000
v 0.20337 0.48000 -0.04114
v 0.20337 0.48000 -0.04114
v 0.23837 0.48000 -0.06657
v 0.23837 0.48000 -0.06657
v 0.28163 0.48000 -0.06657
v 0.28163 0.48000 -0.06657
v 0.31663 0.48000 -0.04114
v 0.31663 0.48000 -0.04114
v 0.33000 0.48000 -0.00000
v 0.70500 0.15000 0.16000
v 0.35768 0.15000 0.09768
v 0.69768 1.05000 0.17768
v 0.36500 1.05000 0.08000
v 0.69768 0.15000 0.17768
v 0.34000 0.15000 0.10500
v 0.68000 1.05000 0.18500
v 0.35768 1.05000 0.09768
v 0.68000 0.15000 0.18500
v 0.32232 0.15000 0.09768
v 0.66232 1.05000 0.17768
v 0.34000 1.05000 0.10500
v 0.66232 0.15000 0.17768
v 0.31500 0.15000 0.08000
v 0.65500 1.05000 0.16000
v 0.32232 1.05000 0.09768
v 0.65500 0.15000 0.16000
v 0.32232 0.15000 0.06232
v 0.66232 1.05000 0.14232
v 0.31500 1.05000 0.08000
v 0.66232 0.15000 0.14232
v 0.34000 0.15000 0.05500
v 0.68000 1.05000 0.13500
v 0.32232 1.05000 0.06232
v 0.68000 0.15000 0.13500
v 0.35768 0.15000 0.06232
v 0.69768 1.05000 0.14232
v 0.34000 1.05000 0.05500
v 0.69768 0.15000 0.14232
v 0.36500 0.15000 0.08000
v 0.70500 1.05000 0.16000
v 0.35768 1.05000 0.06232
v 2.72000 1.05000 0.64000
v 0.36500 1.05000 0.08000
v 0.35768 1.05000 0.09768
v 0.35768 1.05000 0.09768
v 0.34000 1.05000 0.10500
v 0.34000 1.05000 0.10500
v 0.32232 1.05000 0.09768
v 0.32232 1.05000 0.09768
v 0.31500 1.05000 0.08000
v 0.31500 1.05000 0.08000
v 0.32232 1.05000 0.06232
v 0.32232 1.05000 0.06232
v 0.34000 1.05000 0.05500
v 0.34000 1.05000 0.05500
v 0.35768 1.05000 0.06232
v 0.35768 1.05000 0.06232
v 0.36500 1.05000 0.08000
v 0.71000 0.92000 0.16000
v 0.36121 0.92000 0.10121
v 0.70121 1.02000 0.18121
v 0.37000 1.02000 0.08000
v 0.70121 0.92000 0.18121
v 0.34000 0.92000 0.11000
v 0.68000 1.02000 0.19000
v 0.36121 1.02000 0.10121
v 0.68000 0.92000 0.19000
v 0.31879 0.92000 0.10121
v 0.65879 1.02000 0.18121
v 0.34000 1.02000 0.11000
v 0.65879 0.92000 0.18121
v 0.31000 0.92000 0.08000
v 0.65000 1.02000 0.16000
v 0.31879 1.02000 0.10121
v 0.65000 0.92000 0.16000
v 0.31879 0.92000 0.05879
v 0.65879 1.02000 0.13879
v 0.31000 1.02000 0.08000
v 0.65879 0.92000 0.13879
v 0.34000 0.92000 0.05000
v 0.68000 1.02000 0.13000
v 0.31879 1.02000 0.05879
v 0.68000 0.92000 0.13000
v 0.36121 0.92000 0.05879
v 0.70121 1.02000 0.13879
v 0.34000 1.02000 0.05000
v 0.70121 0.92000 0.13879
v 0.37000 0.92000 0.08000
v 0.71000 1.02000 0.16000
v 0.36121 1.02000 0.05879
v 2.72000 1.02000 0.64000
v 0.37000 1.02000 0.08000
v 0.36121 1.02000 0.10121
v 0.36121 1.02000 0.10121
v 0.34000 1.02000 0.11000
v 0.34000 1.02000 0.11000
v 0.31879 1.02000 0.10121
v 0.31879 1.02000 0.10121
v 0.31000 1.02000 0.08000
v 0.31000 1.02000 0.08000
v 0.31879 1.02000 0.05879
v 0.31879 1.02000 0.05879
v 0.34000 1.02000 0.05000
v 0.34000 1.02000 0.05000
v 0.36121 1.02000 0.05879
v 0.36121 1.02000 0.05879
v 0.37000 1.02000 0.08000
vt 0.00000 0.00000
vt 0.00000 0.00000
vt 0.00000 0.00000
vt 0.00000 0.00000
vt 0.00000 0.00000
vt 0.00000 0.00000
vt 0.00000 0.00000
vt 0.00000 0.00000
vt 0.00000 0.00000
vt 0.00000 0.00000
vt 0.00000 0.00000
vt 0.00000 0.00000
vt 0.00000 0.00000
vt 0.00000 0.00000
vt 0.00000 0.00000
vt 0.00000 0.00000
vt 0.00000 0.00000
vt 0.00000 0.00000
vt 0.00000 0.00000
vt 0.00000 0.00000
vt 0.00000 0.00000
vt 0.00000 0.00000
vt 0.00000 0.00000
vt 0.00000 0.00000
vt 0.00000 0.00000
vt 0.00000 0.00000
vt 0.00000 0.00000
vt 0.00000 0.00000
vt 0.00000 0.00000
vt 0.00000 0.00000
vt 0.00000 0.00000
vt 0.00000 0.00000
vt 0.00000 0.00000
vt 0.00000 0.00000
vt 0.00000 0.00000
vt 0.00000 0.00000
vt 0.00000 0.00000
vt 0.00000 0.00000
vt 0.00000 0.00000
vt 0.00000 0.00000
vt 0.00000 0.00000
vt 0.00000 0.00000
vt 0.00000 0.00000
vt 0.00000 0.00000
vt 0.00000 0.00000
vt 0.00000 0.00000
vt 0.00000 0.00000
vt 0.00000 0.00000
vt 0.00000 0.00000
vt 0.00000 0.00000
vt 0.00000 0.00000
vt 0.00000 0.00000
vt 0.00000 0.00000
vt 0.00000 0.00000
vt 0.00000 0.00000
vt 0.00000 0.00000
vt 0.00000 0.00000
vt 0.00000 0.00000
vt 0.00000 0.00000
vt 0.00000 0.00000
vt 0.00000 0.00000
vt 0.00000 0.00000
vt 0.00000 0.00000
vt 0.00000 0.00000
vt 0.00000 0.00000
vt 0.00000 0.00000
vt 0.00000 0.00000
vt 0.00000 0.00000
vt 0.00000 0.00000
vt 0.00000 0.00000
vt 0.00000 0.00000
vt 0.00000 0.00000
vt 0.00000 0.00000
vt 0.00000 0.00000
vt 0.00000 0.00000
vt 0.00000 0.00000
vt 0.00000 0.00000
vt 0.00000 0.00000
vt 0.00000 0.00000
vt 0.00000 0.00000
vt 0.00000 0.00000
vt 0.00000 0.00000
vt 0.00000 0.00000
vt 0.00000 0.00000
vt 0.00000 0.00000
vt 0.00000 0.00000
vt 0.00000 0.00000
vt 0.00000 0.00000
vt 0.00000 0.00000
vt 0.00000 0.00000
vt 0.00000 0.00000
vt 0.00000 0.00000
vt 0.00000 0.00000
vt 0.00000 0.00000
vt 0.00000 0.00000
vt 0.00000 0.00000
vt 0.00000 0.00000
vt 0.00000 0.00000
vt 0.00000 0.00000
vt 0.00000 0.00000
vt 0.00000 0.00000
vt 0.00000 0.00000
vt 0.00000 0.00000
vt 0.00000 0.00000
vt 0.00000 0.00000
vt 0.00000 0.00000
vt 0.00000 0.00000
vt 0.00000 0.00000
vt 0.00000 0.00000
vt 0.00000 0.00000
vt 0.00000 0.00000
vt 0.00000 0.00000
vt 0.00000 0.00000
vt 0.00000 0.00000
vt 0.00000 0.00000
vt 0.00000 0.00000
vt 0.00000 0.00000
vt 0.00000 0.00000
vt 0.00000 0.00000
vt 0.00000 0.00000
vt 0.00000 0.00000
vt 0.00000 0.00000
vt 0.00000 0.00000
vt 0.00000 0.00000
vt 0.00000 0.00000
vt 0.00000 0.00000
vt 0.00000 0.00000
vt 0.00000 0.00000
vt 0.00000 0.00000
vt 0.00000 0.00000
vt 0.00000 0.00000
vt 0.00000 0.00000
vt 0.00000 0.00000
vt 0.00000 0.00000
vt 0.00000 0.00000
vt 0.00000 0.00000
vt 0.00000 0.00000
vt 0.00000 0.00000
vt 0.00000 0.00000
vt 0.00000 0.00000
vt 0.00000 0.00000
vt 0.00000 0.00000
vt 0.00000 0.00000
vt 0.00000 0.00000
vt 0.00000 0.00000
vt 0.00000 0.00000
vt 0.00000 0.00000
vt 0.00000 0.00000
vt 0.00000 0.00000
vt 0.00000 0.00000
vt 0.00000 0.00000
vt 0.00000 0.00000
vt 0.00000 0.00000
vt 0.00000 0.00000
vt 0.00000 0.00000
vt 0.00000 0.00000
vt 0.00000 0.00000
vt 0.00000 0.00000
vt 0.00000 0.00000
vt 0.00000 0.00000
vt 0.00000 0.00000
vt 0.00000 0.00000
vt 0.00000 0.00000
vt 0.00000 0.00000
vt 0.00000 0.00000
vt 0.00000 0.00000
vt 0.00000 0.00000
vt 0.00000 0.00000
vt 0.00000 0.00000
vt 0.00000 0.00000
vt 0.00000 0.00000
vt 0.00000 0.00000
vt 0.00000 0.00000
vt 0.00000 0.00000
vt 0.00000 0.00000
vt 0.00000 0.00000
vt 0.00000 0.00000
vt 0.00000 0.00000
vt 0.00000 0.00000
vt 0.00000 0.00000
vt 0.00000 0.00000
vt 0.00000 0.00000
vt 0.00000 0.00000
vt 0.00000 0.00000
vt 0.00000 0.00000
vt 0.00000 0.00000
vt 0.00000 0.00000
vt 0.00000 0.00000
vt 0.00000 0.00000
vt 0.00000 0.00000
vt 0.00000 0.00000
vt 0.00000 0.00000
vt 0.00000 0.00000
vt 0.00000 0.00000
vt 0.00000 0.00000
vt 0.00000 0.00000
vt 0.00000 0.00000
vt 0.00000 0.00000
vt 0.00000 0.00000
vt 0.00000 0.00000
vt 0.00000 0.00000
vt 0.00000 0.00000
vt 0.00000 0.00000
vt 0.00000 0.00000
vt 0.00000 0.00000
vt 0.00000 0.00000
vt 0.00000 0.00000
vt 0.00000 0.00000
vt 0.00000 0.00000
vt 0.00000 0.00000
vt 0.00000 0.00000
vt 0.00000 0.00000
vt 0.00000 0.00000
vt 0.00000 0.00000
vt 0.00000 0.00000
vt 0.00000 0.00000
vt 0.00000 0.00000
vt 0.00000 0.00000
vt 0.00000 0.00000
vt 0.00000 0.00000
vt 0.00000 0.00000
vt 0.00000 0.00000
vt 0.00000 0.00000
vt 0.00000 0.00000
vt 0.00000 0.00000
vt 0.00000 0.00000
vt 0.00000 0.00000
vt 0.00000 0.00000
vt 0.00000 0.00000
vt 0.00000 0.00000
vt 0.00000 0.00000
vt 0.00000 0.00000
vt 0.00000 0.00000
vt 0.00000 0.00000
vt 0.00000 0.00000
vt 0.00000 0.00000
vt 0.00000 0.00000
vt 0.00000 0.00000
vt 0.00000 0.00000
vt 0.00000 0.00000
vt 0.00000 0.00000
vt 0.00000 0.00000
vt 0.00000 0.00000
vt 0.00000 0.00000
vt 0.00000 0.00000
vt 0.00000 0.00000
vt 0.00000 0.00000
vt 0.00000 0.00000
vt 0.00000 0.00000
vt 0.00000 0.00000
vt 0.00000 0.00000
vt 0.00000 0.00000
vt 0.00000 0.00000
vt 0.00000 0.00000
vt 0.00000 0.00000
vt 0.00000 0.00000
vt 0.00000 0.00000
vt 0.00000 0.00000
vt 0.00000 0.00000
vt 0.00000 0.00000
vt 0.00000 0.00000
vt 0.00000 0.00000
vt 0.00000 0.00000
vt 0.00000 0.00000
vt 0.00000 0.00000
vt 0.00000 0.00000
vt 0.00000 0.00000
vt 0.00000 0.00000
vt 0.00000 0.00000
vt 0.00000 0.00000
vt 0.00000 0.00000
vt 0.00000 0.00000
vt 0.00000 0.00000
vt 0.00000 0.00000
vt 0.00000 0.00000
vt 0.00000 0.00000
vt 0.00000 0.00000
vt 0.00000 0.00000
vt 0.00000 0.00000
vt 0.00000 0.00000
vt 0.00000 0.00000
vt 0.00000 0.00000
vt 0.00000 0.00000
vt 0.00000 0.00000
vt 0.00000 0.00000
vt 0.00000 0.00000
vt 0.00000 0.00000
vt 0.00000 0.00000
vt 0.00000 0.00000
vt 0.00000 0.00000
vt 0.00000 0.00000
vt 0.00000 0.00000
vt 0.00000 0.00000
vt 0.00000 0.00000
vt 0.00000 0.00000
vt 0.00000 0.00000
vt 0.00000 0.00000
vt 0.00000 0.00000
vt 0.00000 0.00000
vt 0.00000 0.00000
vt 0.00000 0.00000
vt 0.00000 0.00000
vt 0.00000 0.00000
vt 0.00000 0.00000
vt 0.00000 0.00000
vt 0.00000 0.00000
vt 0.00000 0.00000
vt 0.00000 0.00000
vt 0.00000 0.00000
vt 0.00000 0.00000
vt 0.00000 0.00000
vt 0.00000 0.00000
vt 0.00000 0.00000
vt 0.00000 0.00000
vt 0.00000 0.00000
vt 0.00000 0.00000
vt 0.00000 0.00000
vt 0.00000 0.00000
vt 0.00000 0.00000
vt 0.00000 0.00000
vt 0.00000 0.00000
vt 0.00000 0.00000
vt 0.00000 0.00000
vt 0.00000 0.00000
vt 0.00000 0.00000
vt 0.00000 0.00000
vt 0.00000 0.00000
vt 0.00000 0.00000
vt 0.00000 0.00000
vt 0.00000 0.00000
vt 0.00000 0.00000
vt 0.00000 0.00000
vt 0.00000 0.00000
vt 0.00000 0.00000
vt 0.00000 0.00000
vt 0.00000 0.00000
vt 0.00000 0.00000
vt 0.00000 0.00000
vt 0.00000 0.00000
vt 0.00000 0.00000
vt 0.00000 0.00000
vt 0.00000 0.00000
vt 0.00000 0.00000
vt 0.00000 0.00000
vt 0.00000 0.00000
vt 0.00000 0.00000
vt 0.00000 0.00000
vt 0.00000 0.00000
vt 0.00000 0.00000
vt 0.00000 0.00000
vt 0.00000 0.00000
vt 0.00000 0.00000
vt 0.00000 0.00000
vt 0.00000 0.00000
vt 0.00000 0.00000
vt 0.00000 0.00000
vt 0.00000 0.00000
vt 0.00000 0.00000
vt 0.00000 0.00000
vt 0.00000 0.00000
vt 0.00000 0.00000
vt 0.00000 0.00000
vt 0.00000 0.00000
vt 0.00000 0.00000
vt 0.00000 0.00000
vt 0.00000 0.00000
vt 0.00000 0.00000
vt 0.00000 0.00000
vt 0.00000 0.00000
vt 0.00000 0.00000
vt 0.00000 0.00000
vt 0.00000 0.00000
vt 0.00000 0.00000
vt 0.00000 0.00000
vt 0.00000 0.00000
vt 0.00000 0.00000
vt 0.00000 0.00000
vt 0.00000 0.00000
vt 0.00000 0.00000
vt 0.00000 0.00000
vt 0.00000 0.00000
vt 0.00000 0.00000
vt 0.00000 0.00000
vt 0.00000 0.00000
vt 0.00000 0.00000
vt 0.00000 0.00000
vt 0.00000 0.00000
vt 0.00000 0.00000
vt 0.00000 0.00000
vt 0.00000 0.00000
vt 0.00000 0.00000
vt 0.00000 0.00000
vt 0.00000 0.00000
vt 0.00000 0.00000
vt 0.00000 0.00000
vt 0.00000 0.00000
vt 0.00000 0.00000
vt 0.00000 0.00000
vt 0.00000 0.00000
vt 0.00000 0.00000
vt 0.00000 0.00000
vt 0.00000 0.00000
vt 0.00000 0.00000
vt 0.00000 0.00000
vt 0.00000 0.00000
vt 0.00000 0.00000
vt 0.00000 0.00000
vt 0.00000 0.00000
vt 0.00000 0.00000
vt 0.00000 0.00000
vt 0.00000 0.00000
vt 0.00000 0.00000
vt 0.00000 0.00000
vt 0.00000 0.00000
vt 0.00000 0.00000
vt 0.00000 0.00000
vt 0.00000 0.00000
vt 0.00000 0.00000
vt 0.00000 0.00000
vt 0.00000 0.00000
vt 0.00000 0.00000
vt 0.00000 0.00000
vt 0.00000 0.00000
vt 0.00000 0.00000
vt 0.00000 0.00000
vt 0.00000 0.00000
vt 0.00000 0.00000
vt 0.00000 0.00000
vt 0.00000 0.00000
vt 0.00000 0.00000
vt 0.00000 0.00000
vt 0.00000 0.00000
vt 0.00000 0.00000
vt 0.00000 0.00000
vt 0.00000 0.00000
vt 0.00000 0.00000
vt 0.00000 0.00000
vt 0.00000 0.00000
vt 0.00000 0.00000
vt 0.00000 0.00000
vt 0.00000 0.00000
vt 0.00000 0.00000
vt 0.00000 0.00000
vt 0.00000 0.00000
vt 0.00000 0.00000
vt 0.00000 0.00000
vt 0.00000 0.00000
vt 0.00000 0.00000
vt 0.00000 0.00000
vt 0.00000 0.00000
vt 0.00000 0.00000
vt 0.00000 0.00000
vt 0.00000 0.00000
vt 0.00000 0.00000
vt 0.00000 0.00000
vt 0.00000 0.00000
vt 0.00000 0.00000
vt 0.00000 0.00000
vt 0.00000 0.00000
vt 0.00000 0.00000
vt 0.00000 0.00000
vt 0.00000 0.00000
vt 0.00000 0.00000
vt 0.00000 0.00000
vt 0.00000 0.00000
vt 0.00000 0.00000
vt 0.00000 0.00000
vt 0.00000 0.00000
vt 0.00000 0.00000
vt 0.00000 0.00000
vt 0.00000 0.00000
vt 0.00000 0.00000
vt 0.00000 0.00000
vt 0.00000 0.00000
vt 0.00000 0.00000
vt 0.00000 0.00000
vt 0.00000 0.00000
vt 0.00000 0.00000
vt 0.00000 0.00000
vt 0.00000 0.00000
vt 0.00000 0.00000
vt 0.00000 0.00000
vt 0.00000 0.00000
vt 0.00000 0.00000
vt 0.00000 0.00000
vt 0.00000 0.00000
vt 0.00000 0.00000
vt 0.00000 0.00000
vt 0.00000 0.00000
vt 0.00000 0.00000
vt 0.00000 0.00000
vt 0.00000 0.00000
vt 0.00000 0.00000
vt 0.00000 0.00000
vt 0.00000 0.00000
vt 0.00000 0.00000
vt 0.00000 0.00000
vt 0.00000 0.00000
vt 0.00000 0.00000
vt 0.00000 0.00000
vt 0.00000 0.00000
vt 0.00000 0.00000
vt 0.00000 0.00000
vt 0.00000 0.00000
vt 0.00000 0.00000
vt 0.00000 0.00000
vt 0.00000 0.00000
vt 0.00000 0.00000
vt 0.00000 0.00000
vt 0.00000 0.00000
vt 0.00000 0.00000
vt 0.00000 0.00000
vt 0.00000 0.00000
vt 0.00000 0.00000
vt 0.00000 0.00000
vt 0.00000 0.00000
vt 0.00000 0.00000
vt 0.00000 0.00000
vt 0.00000 0.00000
vt 0.00000 0.00000
vt 0.00000 0.00000
vt 0.00000 0.00000
vt 0.00000 0.00000
vt 0.00000 0.00000
vt 0.00000 0.00000
vt 0.00000 0.00000
vt 0.00000 0.00000
vt 0.00000 0.00000
vt 0.00000 0.00000
vt 0.00000 0.00000
vt 0.00000 0.00000
vt 0.00000 0.00000
vt 0.00000 0.00000
vt 0.00000 0.00000
vt 0.00000 0.00000
vt 0.00000 0.00000
vt 0.00000 0.00000
vt 0.00000 0.00000
vt 0.00000 0.00000
vt 0.00000 0.00000
vt 0.00000 0.00000
vt 0.00000 0.00000
vt 0.00000 0.00000
vt 0.00000 0.00000
vt 0.00000 0.00000
vt 0.00000 0.00000
vt 0.00000 0.00000
vt 0.00000 0.00000
vt 0.00000 0.00000
vt 0.00000 0.00000
vt 0.00000 0.00000
vt 0.00000 0.00000
vt 0.00000 0.00000
vt 0.00000 0.00000
vt 0.00000 0.00000
vt 0.00000 0.00000
vt 0.00000 0.00000
vt 0.00000 0.00000
vt 0.00000 0.00000
vt 0.00000 0.00000
vt 0.00000 0.00000
vt 0.00000 0.00000
vt 0.00000 0.00000
vt 0.00000 0.00000
vt 0.00000 0.00000
vt 0.00000 0.00000
vt 0.00000 0.00000
vt 0.00000 0.00000
vt 0.00000 0.00000
vt 0.00000 0.00000
vt 0.00000 0.00000
vt 0.00000 0.00000
vt 0.00000 0.00000
vt 0.00000 0.00000
vt 0.00000 0.00000
vt 0.00000 0.00000
vt 0.00000 0.00000
vt 0.00000 0.00000
vt 0.00000 0.00000
vt 0.00000 0.00000
vt 0.00000 0.00000
vt 0.00000 0.00000
vt 0.00000 0.00000
vt 0.00000 0.00000
vt 0.00000 0.00000
vt 0.00000 0.00000
vt 0.00000 0.00000
vt 0.00000 0.00000
vt 0.00000 0.00000
vt 0.00000 0.00000
vt 0.00000 0.00000
vt 0.00000 0.00000
vt 0.00000 0.00000
vt 0.00000 0.00000
vt 0.00000 0.00000
vt 0.00000 0.00000
vt 0.00000 0.00000
vt 0.00000 0.00000
vt 0.00000 0.00000
vt 0.00000 0.00000
vt 0.00000 0.00000
vt 0.00000 0.00000
vt 0.00000 0.00000
vt 0.00000 0.00000
vt 0.00000 0.00000
vt 0.00000 0.00000
vt 0.00000 0.00000
vt 0.00000 0.00000
vt 0.00000 0.00000
vt 0.00000 0.00000
vt 0.00000 0.00000
vt 0.00000 0.00000
vt 0.00000 0.00000
vt 0.00000 0.00000
vt 0.00000 0.00000
vt 0.00000 0.00000
vt 0.00000 0.00000
vt 0.00000 0.00000
vt 0.00000 0.00000
vt 0.00000 0.00000
vt 0.00000 0.00000
vt 0.00000 0.00000
vt 0.00000 0.00000
vt 0.00000 0.00000
vt 0.00000 0.00000
vt 0.00000 0.00000
vt 0.00000 0.00000
vt 0.00000 0.00000
vt 0.00000 0.00000
vt 0.00000 0.00000
vt 0.00000 0.00000
vt 0.00000 0.00000
vt 0.00000 0.00000
vt 0.00000 0.00000
vt 0.00000 0.00000
vt 0.00000 0.00000
vt 0.00000 0.00000
vt 0.00000 0.00000
vt 0.00000 0.00000
vt 0.00000 0.00000
vt 0.00000 0.00000
vt 0.00000 0.00000
vt 0.00000 0.00000
vt 0.00000 0.00000
vt 0.00000 0.00000
vt 0.00000 0.00000
vt 0.00000 0.00000
vt 0.00000 0.00000
vt 0.00000 0.00000
vt 0.00000 0.00000
vt 0.00000 0.00000
vt 0.00000 0.00000
vt 0.00000 0.00000
vt 0.00000 0.00000
vt 0.00000 0.00000
vt 0.00000 0.00000
vt 0.00000 0.00000
vt 0.00000 0.00000
vt 0.00000 0.00000
vt 0.00000 0.00000
vt 0.00000 0.00000
vt 0.00000 0.00000
vt 0.00000 0.00000
vt 0.00000 0.00000
vt 0.00000 0.00000
vt 0.00000 0.00000
vt 0.00000 0.00000
vt 0.00000 0.00000
vt 0.00000 0.00000
vt 0.00000 0.00000
vt 0.00000 0.00000
vt 0.00000 0.00000
vt 0.00000 0.00000
vt 0.00000 0.00000
vt 0.00000 0.00000
vt 0.00000 0.00000
vt 0.00000 0.00000
vt 0.00000 0.00000
vt 0.00000 0.00000
vt 0.00000 0.00000
vt 0.00000 0.00000
vt 0.00000 0.00000
vt 0.00000 0.00000
vt 0.00000 0.00000
vt 0.00000 0.00000
vt 0.00000 0.00000
vt 0.00000 0.00000
vt 0.00000 0.00000
vt 0.00000 0.00000
vt 0.00000 0.00000
vt 0.00000 0.00000
vt 0.00000 0.00000
vt 0.00000 0.00000
vt 0.00000 0.00000
vt 0.00000 0.00000
vt 0.00000 0.00000
vt 0.00000 0.00000
vt 0.00000 0.00000
vt 0.00000 0.00000
vt 0.00000 0.00000
vt 0.00000 0.00000
vt 0.00000 0.00000
vt 0.00000 0.00000
vt 0.00000 0.00000
vt 0.00000 0.00000
vt 0.00000 0.00000
vt 0.00000 0.00000
vt 0.00000 0.00000
vt 0.00000 0.00000
vt 0.00000 0.00000
vt 0.00000 0.00000
vt 0.00000 0.00000
vt 0.00000 0.00000
vt 0.00000 0.00000
vt 0.00000 0.00000
vt 0.00000 0.00000
vt 0.00000 0.00000
vt 0.00000 0.00000
vt 0.00000 0.00000
vt 0.00000 0.00000
vt 0.00000 0.00000
vt 0.00000 0.00000
vt 0.00000 0.00000
vt 0.00000 0.00000
vt 0.00000 0.00000
vt 0.00000 0.00000
vt 0.00000 0.00000
vt 0.00000 0.00000
vt 0.00000 0.00000
vt 0.00000 0.00000
vt 0.00000 0.00000
vt 0.00000 0.00000
vt 0.00000 0.00000
vt 0.00000 0.00000
vt 0.00000 0.00000
vt 0.00000 0.00000
vt 0.00000 0.00000
vt 0.00000 0.00000
vt 0.00000 0.00000
vt 0.00000 0.00000
vt 0.00000 0.00000
vt 0.00000 0.00000
vt 0.00000 0.00000
vt 0.00000 0.00000
vt 0.00000 0.00000
vt 0.00000 0.00000
vt 0.00000 0.00000
vt 0.00000 0.00000
vt 0.00000 0.00000
vt 0.00000 0.00000
vt 0.00000 0.00000
vt 0.00000 0.00000
vt 0.00000 0.00000
vt 0.00000 0.00000
vt 0.00000 0.00000
vt 0.00000 0.00000
vt 0.00000 0.00000
vt 0.00000 0.00000
vt 0.00000 0.00000
vt 0.00000 0.00000
vt 0.00000 0.00000
vt 0.00000 0.00000
vt 0.00000 0.00000
vt 0.00000 0.00000
vt 0.00000 0.00000
vt 0.00000 0.00000
vt 0.00000 0.00000
vt 0.00000 0.00000
vt 0.00000 0.00000
vt 0.00000 0.00000
vt 0.00000 0.00000
vt 0.00000 0.00000
vt 0.00000 0.00000
vt 0.00000 0.00000
vt 0.00000 0.00000
vt 0.00000 0.00000
vt 0.00000 0.00000
vt 0.00000 0.00000
vt 0.00000 0.00000
vt 0.00000 0.00000
vt 0.00000 0.00000
vt 0.00000 0.00000
vt 0.00000 0.00000
vt 0.00000 0.00000
vt 0.00000 0.00000
vt 0.00000 0.00000
vt 0.00000 0.00000
vt 0.00000 0.00000
vt 0.00000 0.00000
vt 0.00000 0.00000
vt 0.00000 0.00000
vt 0.00000 0.00000
vt 0.00000 0.00000
vt 0.00000 0.00000
vt 0.00000 0.00000
vt 0.00000 0.00000
vt 0.00000 0.00000
vt 0.00000 0.00000
vt 0.00000 0.00000
vt 0.00000 0.00000
vt 0.00000 0.00000
vt 0.00000 0.00000
vt 0.00000 0.00000
vt 0.00000 0.00000
vt 0.00000 0.00000
vt 0.00000 0.00000
vt 0.00000 0.00000
vt 0.00000 0.00000
vt 0.00000 0.00000
vt 0.00000 0.00000
vt 0.00000 0.00000
vt 0.00000 0.00000
vt 0.00000 0.00000
vt 0.00000 0.00000
vt 0.00000 0.00000
vt 0.00000 0.00000
vt 0.00000 0.00000
vt 0.00000 0.00000
vt 0.00000 0.00000
vt 0.00000 0.00000
vt 0.00000 0.00000
vt 0.00000 0.00000
vt 0.00000 0.00000
vt 0.00000 0.00000
vt 0.00000 0.00000
vt 0.00000 0.00000
vt 0.00000 0.00000
vt 0.00000 0.00000
vt 0.00000 0.00000
vt 0.00000 0.00000
vt 0.00000 0.00000
vt 0.00000 0.00000
vt 0.00000 0.00000
vt 0.00000 0.00000
vt 0.00000 0.00000
vt 0.00000 0.00000
vt 0.00000 0.00000
vt 0.00000 0.00000
vt 0.00000 0.00000
vt 0.00000 0.00000
vt 0.00000 0.00000
vt 0.00000 0.00000
vt 0.00000 0.00000
vt 0.00000 0.00000
vt 0.00000 0.00000
vt 0.00000 0.00000
vt 0.00000 0.00000
vt 0.00000 0.00000
vt 0.00000 0.00000
vt 0.00000 0.00000
vt 0.00000 0.00000
vt 0.00000 0.00000
vt 0.00000 0.00000
vt 0.00000 0.00000
vt 0.00000 0.00000
vt 0.00000 0.00000
vt 0.00000 0.00000
vt 0.00000 0.00000
vt 0.00000 0.00000
vt 0.00000 0.00000
vt 0.00000 0.00000
vt 0.00000 0.00000
vt 0.00000 0.00000
vt 0.00000 0.00000
vt 0.00000 0.00000
vt 0.00000 0.00000
vt 0.00000 0.00000
vt 0.00000 0.00000
vt 0.00000 0.00000
vt 0.00000 0.00000
vt 0.00000 0.00000
vt 0.00000 0.00000
vt 0.00000 0.00000
vt 0.00000 0.00000
vt 0.00000 0.00000
vt 0.00000 0.00000
vt 0.00000 0.00000
vt 0.00000 0.00000
vt 0.00000 0.00000
vt 0.00000 0.00000
vt 0.00000 0.00000
vt 0.00000 0.00000
vt 0.00000 0.00000
vt 0.00000 0.00000
vt 0.00000 0.00000
vt 0.00000 0.00000
vt 0.00000 0.00000
vt 0.00000 0.00000
vt 0.00000 0.00000
vt 0.00000 0.00000
vt 0.00000 0.00000
vt 0.00000 0.00000
vt 0.00000 0.00000
vt 0.00000 0.00000
vt 0.00000 0.00000
vt 0.00000 0.00000
vt 0.00000 0.00000
vt 0.00000 0.00000
vt 0.00000 0.00000
vt 0.00000 0.00000
vt 0.00000 0.00000
vt 0.00000 0.00000
vt 0.00000 0.00000
vt 0.00000 0.00000
vt 0.00000 0.00000
vt 0.00000 0.00000
vt 0.00000 0.00000
vt 0.00000 0.00000
vt 0.00000 0.00000
vt 0.00000 0.00000
vt 0.00000 0.00000
vt 0.00000 0.00000
vt 0.00000 0.00000
vt 0.00000 0.00000
vt 0.00000 0.00000
vt 0.00000 0.00000
vt 0.00000 0.00000
vt 0.00000 0.00000
vt 0.00000 0.00000
vt 0.00000 0.00000
vt 0.00000 0.00000
vt 0.00000 0.00000
vt 0.00000 0.00000
vt 0.00000 0.00000
vt 0.00000 0.00000
vt 0.00000 0.00000
vt 0.00000 0.00000
vt 0.00000 0.00000
vt 0.00000 0.00000
vt 0.00000 0.00000
vt 0.00000 0.00000
vt 0.00000 0.00000
vt 0.00000 0.00000
vt 0.00000 0.00000
vt 0.00000 0.00000
vt 0.00000 0.00000
vt 0.00000 0.00000
vt 0.00000 0.00000
vt 0.00000 0.00000
vt 0.00000 0.00000
vt 0.00000 0.00000
vt 0.00000 0.00000
vt 0.00000 0.00000
vt 0.00000 0.00000
vt 0.00000 0.00000
vt 0.00000 0.00000
vt 0.00000 0.00000
vt 0.00000 0.00000
vt 0.00000 0.00000
vt 0.00000 0.00000
vt 0.00000 0.00000
vt 0.00000 0.00000
vt 0.00000 0.00000
vt 0.00000 0.00000
vt 0.00000 0.00000
vt 0.00000 0.00000
vt 0.00000 0.00000
vt 0.00000 0.00000
vt 0.00000 0.00000
vt 0.00000 0.00000
vt 0.00000 0.00000
vt 0.00000 0.00000
vt 0.00000 0.00000
vt 0.00000 0.00000
vt 0.00000 0.00000
vt 0.00000 0.00000
vt 0.00000 0.00000
vt 0.00000 0.00000
vt 0.00000 0.00000
vt 0.00000 0.00000
vt 0.00000 0.00000
vt 0.00000 0.00000
vt 0.00000 0.00000
vt 0.00000 0.00000
vt 0.00000 0.00000
vt 0.00000 0.00000
vt 0.00000 0.00000
vt 0.00000 0.00000
vt 0.00000 0.00000
vt 0.00000 0.00000
vt 0.00000 0.00000
vt 0.00000 0.00000
vt 0.00000 0.00000
vt 0.00000 0.00000
vt 0.00000 0.00000
vt 0.00000 0.00000
vt 0.00000 0.00000
vt 0.00000 0.00000
vt 0.00000 0.00000
vt 0.00000 0.00000
vt 0.00000 0.00000
vt 0.00000 0.00000
vt 0.00000 0.00000
vt 0.00000 0.00000
vt 0.00000 0.00000
vt 0.00000 0.00000
vt 0.00000 0.00000
vt 0.00000 0.00000
vt 0.00000 0.00000
vt 0.00000 0.00000
vt 0.00000 0.00000
vt 0.00000 0.00000
vt 0.00000 0.00000
vt 0.00000 0.00000
vt 0.00000 0.00000
vt 0.00000 0.00000
vt 0.00000 0.00000
vt 0.00000 0.00000
vt 0.00000 0.00000
vt 0.00000 0.00000
vt 0.00000 0.00000
vt 0.00000 0.00000
vt 0.00000 0.00000
vt 0.00000 0.00000
vt 0.00000 0.00000
vt 0.00000 0.00000
vt 0.00000 0.00000
vt 0.00000 0.00000
vt 0.00000 0.00000
vt 0.00000 0.00000
vt 0.00000 0.00000
vt 0.00000 0.00000
vt 0.00000 0.00000
vt 0.00000 0.00000
vt 0.00000 0.00000
vt 0.00000 0.00000
vt 0.00000 0.00000
vt 0.00000 0.00000
vt 0.00000 0.00000
vt 0.00000 0.00000
vt 0.00000 0.00000
vt 0.00000 0.00000
vt 0.00000 0.00000
vt 0.00000 0.00000
vt 0.00000 0.00000
vt 0.00000 0.00000
vt 0.00000 0.00000
vt 0.00000 0.00000
vt 0.00000 0.00000
vt 0.00000 0.00000
vt 0.00000 0.00000
vt 0.00000 0.00000
vt 0.00000 0.00000
vt 0.00000 0.00000
vt 0.00000 0.00000
vt 0.00000 0.00000
vt 0.00000 0.00000
vt 0.00000 0.00000
vt 0.00000 0.00000
vt 0.00000 0.00000
vt 0.00000 0.00000
vt 0.00000 0.00000
vt 0.00000 0.00000
vt 0.00000 0.00000
vt 0.00000 0.00000
vt 0.00000 0.00000
vt 0.00000 0.00000
vt 0.00000 0.00000
vt 0.00000 0.00000
vt 0.00000 0.00000
vt 0.00000 0.00000
vt 0.00000 0.00000
vt 0.00000 0.00000
vt 0.00000 0.00000
vt 0.00000 0.00000
vt 0.00000 0.00000
vt 0.00000 0.00000
vt 0.00000 0.00000
vt 0.00000 0.00000
vt 0.00000 0.00000
vt 0.00000 0.00000
vt 0.00000 0.00000
vt 0.00000 0.00000
vt 0.00000 0.00000
vt 0.00000 0.00000
vt 0.00000 0.00000
vt 0.00000 0.00000
vt 0.00000 0.00000
vt 0.00000 0.00000
vt 0.00000 0.00000
vt 0.00000 0.00000
vt 0.00000 0.00000
vt 0.00000 0.00000
vt 0.00000 0.00000
vt 0.00000 0.00000
vt 0.00000 0.00000
vt 0.00000 0.00000
vt 0.00000 0.00000
vt 0.00000 0.00000
vt 0.00000 0.00000
vt 0.00000 0.00000
vt 0.00000 0.00000
vt 0.00000 0.00000
vt 0.00000 0.00000
vt 0.00000 0.00000
vt 0.00000 0.00000
vt 0.00000 0.00000
vt 0.00000 0.00000
vt 0.00000 0.00000
vt 0.00000 0.00000
vt 0.00000 0.00000
vt 0.00000 0.00000
vt 0.00000 0.00000
vt 0.00000 0.00000
vt 0.00000 0.00000
vt 0.00000 0.00000
vt 0.00000 0.00000
vt 0.00000 0.00000
vt 0.00000 0.00000
vt 0.00000 0.00000
vt 0.00000 0.00000
vt 0.00000 0.00000
vt 0.00000 0.00000
vt 0.00000 0.00000
vt 0.00000 0.00000
vt 0.00000 0.00000
vt 0.00000 0.00000
vt 0.00000 0.00000
vt 0.00000 0.00000
vt 0.00000 0.00000
vt 0.00000 0.00000
vt 0.00000 0.00000
vt 0.00000 0.00000
vt 0.00000 0.00000
vt 0.00000 0.00000
vt 0.00000 0.00000
vt 0.00000 0.00000
vt 0.00000 0.00000
vt 0.00000 0.00000
vt 0.00000 0.00000
vt 0.00000 0.00000
vt 0.00000 0.00000
vt 0.00000 0.00000
vt 0.00000 0.00000
vt 0.00000 0.00000
vt 0.00000 0.00000
vt 0.00000 0.00000
vt 0.00000 0.00000
vt 0.00000 0.00000
vt 0.00000 0.00000
vt 0.00000 0.00000
vt 0.00000 0.00000
vt 0.00000 0.00000
vt 0.00000 0.00000
vt 0.00000 0.00000
vt 0.00000 0.00000
vt 0.00000 0.00000
vt 0.00000 0.00000
vt 0.00000 0.00000
vt 0.00000 0.00000
vt 0.00000 0.00000
vt 0.00000 0.00000
vt 0.00000 0.00000
vt 0.00000 0.00000
vt 0.00000 0.00000
vt 0.00000 0.00000
vt 0.00000 0.00000
vt 0.00000 0.00000
vt 0.00000 0.00000
vt 0.00000 0.00000
vt 0.00000 0.00000
vt 0.00000 0.00000
vt 0.00000 0.00000
vt 0.00000 0.00000
vt 0.00000 0.00000
vt 0.00000 0.00000
vt 0.00000 0.00000
vt 0.00000 0.00000
vt 0.00000 0.00000
vt 0.00000 0.00000
vt 0.00000 0.00000
vt 0.00000 0.00000
vt 0.00000 0.00000
vt 0.00000 0.00000
vt 0.00000 0.00000
vt 0.00000 0.00000
vt 0.00000 0.00000
vt 0.00000 0.00000
vn 0.16000 0.00000 0.00000
vn 0.14782 0.00000 0.06123
vn 0.14782 0.00000 0.06123
vn 0.16000 0.00000 0.00000
vn 0.14782 0.00000 0.06123
vn 0.11314 0.00000 0.11314
vn 0.11314 0.00000 0.11314
vn 0.14782 0.00000 0.06123
vn 0.11314 0.00000 0.11314
vn 0.06123 0.00000 0.14782
vn 0.06123 0.00000 0.14782
vn 0.11314 0.00000 0.11314
vn 0.06123 0.00000 0.14782
vn 0.00000 0.00000 0.16000
vn 0.00000 0.00000 0.16000
vn 0.06123 0.00000 0.14782
vn 0.00000 0.00000 0.16000
vn -0.06123 0.00000 0.14782
vn -0.06123 0.00000 0.14782
vn 0.00000 0.00000 0.16000
vn -0.06123 0.00000 0.14782
vn -0.11314 0.00000 0.11314
vn -0.11314 0.00000 0.11314
vn -0.06123 0.00000 0.14782
vn -0.11314 0.00000 0.11314
vn -0.14782 0.00000 0.06123
vn -0.14782 0.00000 0.06123
vn -0.11314 0.00000 0.11314
vn -0.14782 0.00000 0.06123
vn -0.16000 0.00000 0.00000
vn -0.16000 0.00000 0.00000
vn -0.14782 0.00000 0.06123
vn -0.16000 0.00000 0.00000
vn -0.14782 0.00000 -0.06123
vn -0.14782 0.00000 -0.06123
vn -0.16000 0.00000 0.00000
vn -0.14782 0.00000 -0.06123
vn -0.11314 0.00000 -0.11314
vn -0.11314 0.00000 -0.11314
vn -0.14782 0.00000 -0.06123
vn -0.11314 0.00000 -0.11314
vn -0.06123 0.00000 -0.14782
vn -0.06123 0.00000 -0.14782
vn -0.11314 0.00000 -0.11314
vn -0.06123 0.00000 -0.14782
vn -0.00000 0.00000 -0.16000
vn -0.00000 0.00000 -0.16000
vn -0.06123 0.00000 -0.14782
vn -0.00000 0.00000 -0.16000
vn 0.06123 0.00000 -0.14782
vn 0.06123 0.00000 -0.14782
vn -0.00000 0.00000 -0.16000
vn 0.06123 0.00000 -0.14782
vn 0.11314 0.00000 -0.11314
vn 0.11314 0.00000 -0.11314
vn 0.06123 0.00000 -0.14782
vn 0.11314 0.00000 -0.11314
vn 0.14782 0.00000 -0.06123
vn 0.14782 0.00000 -0.06123
vn 0.11314 0.00000 -0.11314
vn 0.14782 0.00000 -0.06123
vn 0.16000 0.00000 -0.00000
vn 0.16000 0.00000 -0.00000
vn 0.14782 0.00000 -0.06123
vn 0.00000 1.00000 0.00000
vn 0.00000 1.00000 0.00000
vn 0.00000 1.00000 0.00000
vn 0.00000 1.00000 0.00000
vn 0.00000 1.00000 0.00000
vn 0.00000 1.00000 0.00000
vn 0.00000 1.00000 0.00000
vn 0.00000 1.00000 0.00000
vn 0.00000 1.00000 0.00000
vn 0.00000 1.00000 0.00000
vn 0.00000 1.00000 0.00000
vn 0.00000 1.00000 0.00000
vn 0.00000 1.00000 0.00000
vn 0.00000 1.00000 0.00000
vn 0.00000 1.00000 0.00000
vn 0.00000 1.00000 0.00000
vn 0.00000 1.00000 0.00000
vn 0.00000 1.00000 0.00000
vn 0.00000 1.00000 0.00000
vn 0.00000 1.00000 0.00000
vn 0.00000 1.00000 0.00000
vn 0.00000 1.00000 0.00000
vn 0.00000 1.00000 0.00000
vn 0.00000 1.00000 0.00000
vn 0.00000 1.00000 0.00000
vn 0.00000 1.00000 0.00000
vn 0.00000 1.00000 0.00000
vn 0.00000 1.00000 0.00000
vn 0.00000 1.00000 0.00000
vn 0.00000 1.00000 0.00000
vn 0.00000 1.00000 0.00000
vn 0.00000 1.00000 0.00000
vn 0.00000 1.00000 0.00000
vn 0.22000 0.00000 0.00000
vn 0.20325 0.00000 0.08419
vn 0.20325 0.00000 0.08419
vn 0.22000 0.00000 0.00000
vn 0.20325 0.00000 0.08419
vn 0.15556 0.00000 0.15556
vn 0.15556 0.00000 0.15556
vn 0.20325 0.00000 0.08419
vn 0.15556 0.00000 0.15556
vn 0.08419 0.00000 0.20325
vn 0.08419 0.00000 0.20325
vn 0.15556 0.00000 0.15556
vn 0.08419 0.00000 0.20325
vn 0.00000 0.00000 0.22000
vn 0.00000 0.00000 0.22000
vn 0.08419 0.00000 0.20325
vn 0.00000 0.00000 0.22000
vn -0.08419 0.00000 0.20325
vn -0.08419 0.00000 0.20325
vn 0.00000 0.00000 0.22000
vn -0.08419 0.00000 0.20325
vn -0.15556 0.00000 0.15556
vn -0.15556 0.00000 0.15556
vn -0.08419 0.00000 0.20325
vn -0.15556 0.00000 0.15556
vn -0.20325 0.00000 0.08419
vn -0.20325 0.00000 0.08419
vn -0.15556 0.00000 0.15556
vn -0.20325 0.00000 0.08419
vn -0.22000 0.00000 0.00000
vn -0.22000 0.00000 0.00000
vn -0.20325 0.00000 0.08419
vn -0.22000 0.00000 0.00000
vn -0.20325 0.00000 -0.08419
vn -0.20325 0.00000 -0.08419
vn -0.22000 0.00000 0.00000
vn -0.20325 0.00000 -0.08419
vn -0.15556 0.00000 -0.15556
vn -0.15556 0.00000 -0.15556
vn -0.20325 0.00000 -0.08419
vn -0.15556 0.00000 -0.15556
vn -0.08419 0.00000 -0.20325
vn -0.08419 0.00000 -0.20325
vn -0.15556 0.00000 -0.15556
vn -0.08419 0.00000 -0.20325
vn -0.00000 0.00000 -0.22000
vn -0.00000 0.00000 -0.22000
vn -0.08419 0.00000 -0.20325
vn -0.00000 0.00000 -0.22000
vn 0.08419 0.00000 -0.20325
vn 0.08419 0.00000 -0.20325
vn -0.00000 0.00000 -0.22000
vn 0.08419 0.00000 -0.20325
vn 0.15556 0.00000 -0.15556
vn 0.15556 0.00000 -0.15556
vn 0.08419 0.00000 -0.20325
vn 0.15556 0.00000 -0.15556
vn 0.20325 0.00000 -0.08419
vn 0.20325 0.00000 -0.08419
vn 0.15556 0.00000 -0.15556
vn 0.20325 0.00000 -0.08419
vn 0.22000 0.00000 -0.00000
vn 0.22000 0.00000 -0.00000
vn 0.20325 0.00000 -0.08419
vn 0.00000 1.00000 0.00000
vn 0.00000 1.00000 0.00000
vn 0.00000 1.00000 0.00000
vn 0.00000 1.00000 0.00000
vn 0.00000 1.00000 0.00000
vn 0.00000 1.00000 0.00000
vn 0.00000 1.00000 0.00000
vn 0.00000 1.00000 0.00000
vn 0.00000 1.00000 0.00000
vn 0.00000 1.00000 0.00000
vn 0.00000 1.00000 0.00000
vn 0.00000 1.00000 0.00000
vn 0.00000 1.00000 0.00000
vn 0.00000 1.00000 0.00000
vn 0.00000 1.00000 0.00000
vn 0.00000 1.00000 0.00000
vn 0.00000 1.00000 0.00000
vn 0.00000 1.00000 0.00000
vn 0.00000 1.00000 0.00000
vn 0.00000 1.00000 0.00000
vn 0.00000 1.00000 0.00000
vn 0.00000 1.00000 0.00000
vn 0.00000 1.00000 0.00000
vn 0.00000 1.00000 0.00000
vn 0.00000 1.00000 0.00000
vn 0.00000 1.00000 0.00000
vn 0.00000 1.00000 0.00000
vn 0.00000 1.00000 0.00000
vn 0.00000 1.00000 0.00000
vn 0.00000 1.00000 0.00000
vn 0.00000 1.00000 0.00000
vn 0.00000 1.00000 0.00000
vn 0.00000 1.00000 0.00000
vn 0.28000 0.00000 0.00000
vn 0.25869 0.00000 0.10715
vn 0.25869 0.00000 0.10715
vn 0.28000 0.00000 0.00000
vn 0.25869 0.00000 0.10715
vn 0.19799 0.00000 0.19799
vn 0.19799 0.00000 0.19799
vn 0.25869 0.00000 0.10715
vn 0.19799 0.00000 0.19799
vn 0.10715 0.00000 0.25869
vn 0.10715 0.00000 0.25869
vn 0.19799 0.00000 0.19799
vn 0.10715 0.00000 0.25869
vn 0.00000 0.00000 0.28000
vn 0.00000 0.00000 0.28000
vn 0.10715 0.00000 0.25869
vn 0.00000 0.00000 0.28000
vn -0.10715 0.00000 0.25869
vn -0.10715 0.00000 0.25869
vn 0.00000 0.00000 0.28000
vn -0.10715 0.00000 0.25869
vn -0.19799 0.00000 0.19799
vn -0.19799 0.00000 0.19799
vn -0.10715 0.00000 0.25869
vn -0.19799 0.00000 0.19799
vn -0.25869 0.00000 0.10715
vn -0.25869 0.00000 0.10715
vn -0.19799 0.00000 0.19799
vn -0.25869 0.00000 0.10715
vn -0.28000 0.00000 0.00000
vn -0.28000 0.00000 0.00000
vn -0.25869 0.00000 0.10715
vn -0.28000 0.00000 0.00000
vn -0.25869 0.00000 -0.10715
vn -0.25869 0.00000 -0.10715
vn -0.28000 0.00000 0.00000
vn -0.25869 0.00000 -0.10715
vn -0.19799 0.00000 -0.19799
vn -0.19799 0.00000 -0.19799
vn -0.25869 0.00000 -0.10715
vn -0.19799 0.00000 -0.19799
vn -0.10715 0.00000 -0.25869
vn -0.10715 0.00000 -0.25869
vn -0.19799 0.00000 -0.19799
vn -0.10715 0.00000 -0.25869
vn -0.00000 0.00000 -0.28000
vn -0.00000 0.00000 -0.28000
vn -0.10715 0.00000 -0.25869
vn -0.00000 0.00000 -0.28000
vn 0.10715 0.00000 -0.25869
vn 0.10715 0.00000 -0.25869
vn -0.00000 0.00000 -0.28000
vn 0.10715 0.00000 -0.25869
vn 0.19799 0.00000 -0.19799
vn 0.19799 0.00000 -0.19799
vn 0.10715 0.00000 -0.25869
vn 0.19799 0.00000 -0.19799
vn 0.25869 0.00000 -0.10715
vn 0.25869 0.00000 -0.10715
vn 0.19799 0.00000 -0.19799
vn 0.25869 0.00000 -0.10715
vn 0.28000 0.00000 -0.00000
vn 0.28000 0.00000 -0.00000
vn 0.25869 0.00000 -0.10715
vn 0.00000 1.00000 0.00000
vn 0.00000 1.00000 0.00000
vn 0.00000 1.00000 0.00000
vn 0.00000 1.00000 0.00000
vn 0.00000 1.00000 0.00000
vn 0.00000 1.00000 0.00000
vn 0.00000 1.00000 0.00000
vn 0.00000 1.00000 0.00000
vn 0.00000 1.00000 0.00000
vn 0.00000 1.00000 0.00000
vn 0.00000 1.00000 0.00000
vn 0.00000 1.00000 0.00000
vn 0.00000 1.00000 0.00000
vn 0.00000 1.00000 0.00000
vn 0.00000 1.00000 0.00000
vn 0.00000 1.00000 0.00000
vn 0.00000 1.00000 0.00000
vn 0.00000 1.00000 0.00000
vn 0.00000 1.00000 0.00000
vn 0.00000 1.00000 0.00000
vn 0.00000 1.00000 0.00000
vn 0.00000 1.00000 0.00000
vn 0.00000 1.00000 0.00000
vn 0.00000 1.00000 0.00000
vn 0.00000 1.00000 0.00000
vn 0.00000 1.00000 0.00000
vn 0.00000 1.00000 0.00000
vn 0.00000 1.00000 0.00000
vn 0.00000 1.00000 0.00000
vn 0.00000 1.00000 0.00000
vn 0.00000 1.00000 0.00000
vn 0.00000 1.00000 0.00000
vn 0.00000 1.00000 0.00000
vn 0.00000 1.00000 0.00000
vn 0.38268 0.92388 0.00000
vn 0.35355 0.92388 0.14645
vn 0.00000 1.00000 0.00000
vn 0.35355 0.92388 0.14645
vn 0.27060 0.92388 0.27060
vn 0.00000 1.00000 0.00000
vn 0.27060 0.92388 0.27060
vn 0.14645 0.92388 0.35355
vn 0.00000 1.00000 0.00000
vn 0.14645 0.92388 0.35355
vn 0.00000 0.92388 0.38268
vn -0.00000 1.00000 0.00000
vn 0.00000 0.92388 0.38268
vn -0.14645 0.92388 0.35355
vn -0.00000 1.00000 0.00000
vn -0.14645 0.92388 0.35355
vn -0.27060 0.92388 0.27060
vn -0.00000 1.00000 0.00000
vn -0.27060 0.92388 0.27060
vn -0.35355 0.92388 0.14645
vn -0.00000 1.00000 0.00000
vn -0.35355 0.92388 0.14645
vn -0.38268 0.92388 0.00000
vn -0.00000 1.00000 -0.00000
vn -0.38268 0.92388 0.00000
vn -0.35355 0.92388 -0.14645
vn -0.00000 1.00000 -0.00000
vn -0.35355 0.92388 -0.14645
vn -0.27060 0.92388 -0.27060
vn -0.00000 1.00000 -0.00000
vn -0.27060 0.92388 -0.27060
vn -0.14645 0.92388 -0.35355
vn -0.00000 1.00000 -0.00000
vn -0.14645 0.92388 -0.35355
vn -0.00000 0.92388 -0.38268
vn 0.00000 1.00000 -0.00000
vn -0.00000 0.92388 -0.38268
vn 0.14645 0.92388 -0.35355
vn 0.00000 1.00000 -0.00000
vn 0.14645 0.92388 -0.35355
vn 0.27060 0.92388 -0.27060
vn 0.00000 1.00000 -0.00000
vn 0.27060 0.92388 -0.27060
vn 0.35355 0.92388 -0.14645
vn 0.00000 1.00000 -0.00000
vn 0.35355 0.92388 -0.14645
vn 0.38268 0.92388 -0.00000
vn 0.38268 0.92388 0.00000
vn 0.35355 0.92388 0.14645
vn 0.70711 0.70711 0.00000
vn 0.65328 0.70711 0.27060
vn 0.35355 0.92388 0.14645
vn 0.27060 0.92388 0.27060
vn 0.65328 0.70711 0.27060
vn 0.50000 0.70711 0.50000
vn 0.27060 0.92388 0.27060
vn 0.14645 0.92388 0.35355
vn 0.50000 0.70711 0.50000
vn 0.27060 0.70711 0.65328
vn 0.14645 0.92388 0.35355
vn 0.00000 0.92388 0.38268
vn 0.27060 0.70711 0.65328
vn 0.00000 0.70711 0.70711
vn 0.00000 0.92388 0.38268
vn -0.14645 0.92388 0.35355
vn 0.00000 0.70711 0.70711
vn -0.27060 0.70711 0.65328
vn -0.14645 0.92388 0.35355
vn -0.27060 0.92388 0.27060
vn -0.27060 0.70711 0.65328
vn -0.50000 0.70711 0.50000
vn -0.27060 0.92388 0.27060
vn -0.35355 0.92388 0.14645
vn -0.50000 0.70711 0.50000
vn -0.65328 0.70711 0.27060
vn -0.35355 0.92388 0.14645
vn -0.38268 0.92388 0.00000
vn -0.65328 0.70711 0.27060
vn -0.70711 0.70711 0.00000
vn -0.38268 0.92388 0.00000
vn -0.35355 0.92388 -0.14645
vn -0.70711 0.70711 0.00000
vn -0.65328 0.70711 -0.27060
vn -0.35355 0.92388 -0.14645
vn -0.27060 0.92388 -0.27060
vn -0.65328 0.70711 -0.27060
vn -0.50000 0.70711 -0.50000
vn -0.27060 0.92388 -0.27060
vn -0.14645 0.92388 -0.35355
vn -0.50000 0.70711 -0.50000
vn -0.27060 0.70711 -0.65328
vn -0.14645 0.92388 -0.35355
vn -0.00000 0.92388 -0.38268
vn -0.27060 0.70711 -0.65328
vn -0.00000 0.70711 -0.70711
vn -0.00000 0.92388 -0.38268
vn 0.14645 0.92388 -0.35355
vn -0.00000 0.70711 -0.70711
vn 0.27060 0.70711 -0.65328
vn 0.14645 0.92388 -0.35355
vn 0.27060 0.92388 -0.27060
vn 0.27060 0.70711 -0.65328
vn 0.50000 0.70711 -0.50000
vn 0.27060 0.92388 -0.27060
vn 0.35355 0.92388 -0.14645
vn 0.50000 0.70711 -0.50000
vn 0.65328 0.70711 -0.27060
vn 0.35355 0.92388 -0.14645
vn 0.38268 0.92388 -0.00000
vn 0.65328 0.70711 -0.27060
vn 0.70711 0.70711 -0.00000
vn 0.70711 0.70711 0.00000
vn 0.65328 0.70711 0.27060
vn 0.92388 0.38268 0.00000
vn 0.85355 0.38268 0.35355
vn 0.65328 0.70711 0.27060
vn 0.50000 0.70711 0.50000
vn 0.85355 0.38268 0.35355
vn 0.65328 0.38268 0.65328
vn 0.50000 0.70711 0.50000
vn 0.27060 0.70711 0.65328
vn 0.65328 0.38268 0.65328
vn 0.35355 0.38268 0.85355
vn 0.27060 0.70711 0.65328
vn 0.00000 0.70711 0.70711
vn 0.35355 0.38268 0.85355
vn 0.00000 0.38268 0.92388
vn 0.00000 0.70711 0.70711
vn -0.27060 0.70711 0.65328
vn 0.00000 0.38268 0.92388
vn -0.35355 0.38268 0.85355
vn -0.27060 0.70711 0.65328
vn -0.50000 0.70711 0.50000
vn -0.35355 0.38268 0.85355
vn -0.65328 0.38268 0.65328
vn -0.50000 0.70711 0.50000
vn -0.65328 0.70711 0.27060
vn -0.65328 0.38268 0.65328
vn -0.85355 0.38268 0.35355
vn -0.65328 0.70711 0.27060
vn -0.70711 0.70711 0.00000
vn -0.85355 0.38268 0.35355
vn -0.92388 0.38268 0.00000
vn -0.70711 0.70711 0.00000
vn -0.65328 0.70711 -0.27060
vn -0.92388 0.38268 0.00000
vn -0.85355 0.38268 -0.35355
vn -0.65328 0.70711 -0.27060
vn -0.50000 0.70711 -0.50000
vn -0.85355 0.38268 -0.35355
vn -0.65328 0.38268 -0.65328
vn -0.50000 0.70711 -0.50000
vn -0.27060 0.70711 -0.65328
vn -0.65328 0.38268 -0.65328
vn -0.35355 0.38268 -0.85355
vn -0.27060 0.70711 -0.65328
vn -0.00000 0.70711 -0.70711
vn -0.35355 0.38268 -0.85355
vn -0.00000 0.38268 -0.92388
vn -0.00000 0.70711 -0.70711
vn 0.27060 0.70711 -0.65328
vn -0.00000 0.38268 -0.92388
vn 0.35355 0.38268 -0.85355
vn 0.27060 0.70711 -0.65328
vn 0.50000 0.70711 -0.50000
vn 0.35355 0.38268 -0.85355
vn 0.65328 0.38268 -0.65328
vn 0.50000 0.70711 -0.50000
vn 0.65328 0.70711 -0.27060
vn 0.65328 0.38268 -0.65328
vn 0.85355 0.38268 -0.35355
vn 0.65328 0.70711 -0.27060
vn 0.70711 0.70711 -0.00000
vn 0.85355 0.38268 -0.35355
vn 0.92388 0.38268 -0.00000
vn 0.92388 0.38268 0.00000
vn 0.85355 0.38268 0.35355
vn 1.00000 0.00000 0.00000
vn 0.92388 0.00000 0.38268
vn 0.85355 0.38268 0.35355
vn 0.65328 0.38268 0.65328
vn 0.92388 0.00000 0.38268
vn 0.70711 0.00000 0.70711
vn 0.65328 0.38268 0.65328
vn 0.35355 0.38268 0.85355
vn 0.70711 0.00000 0.70711
vn 0.38268 0.00000 0.92388
vn 0.35355 0.38268 0.85355
vn 0.00000 0.38268 0.92388
vn 0.38268 0.00000 0.92388
vn 0.00000 0.00000 1.00000
vn 0.00000 0.38268 0.92388
vn -0.35355 0.38268 0.85355
vn 0.00000 0.00000 1.00000
vn -0.38268 0.00000 0.92388
vn -0.35355 0.38268 0.85355
vn -0.65328 0.38268 0.65328
vn -0.38268 0.00000 0.92388
vn -0.70711 0.00000 0.70711
vn -0.65328 0.38268 0.65328
vn -0.85355 0.38268 0.35355
vn -0.70711 0.00000 0.70711
vn -0.92388 0.00000 0.38268
vn -0.85355 0.38268 0.35355
vn -0.92388 0.38268 0.00000
vn -0.92388 0.00000 0.38268
vn -1.00000 0.00000 0.00000
vn -0.92388 0.38268 0.00000
vn -0.85355 0.38268 -0.35355
vn -1.00000 0.00000 0.00000
vn -0.92388 0.00000 -0.38268
vn -0.85355 0.38268 -0.35355
vn -0.65328 0.38268 -0.65328
vn -0.92388 0.00000 -0.38268
vn -0.70711 0.00000 -0.70711
vn -0.65328 0.38268 -0.65328
vn -0.35355 0.38268 -0.85355
vn -0.70711 0.00000 -0.70711
vn -0.38268 0.00000 -0.92388
vn -0.35355 0.38268 -0.85355
vn -0.00000 0.38268 -0.92388
vn -0.38268 0.00000 -0.92388
vn -0.00000 0.00000 -1.00000
vn -0.00000 0.38268 -0.92388
vn 0.35355 0.38268 -0.85355
vn -0.00000 0.00000 -1.00000
vn 0.38268 0.00000 -0.92388
vn 0.35355 0.38268 -0.85355
vn 0.65328 0.38268 -0.65328
vn 0.38268 0.00000 -0.92388
vn 0.70711 0.00000 -0.70711
vn 0.65328 0.38268 -0.65328
vn 0.85355 0.38268 -0.35355
vn 0.70711 0.00000 -0.70711
vn 0.92388 0.00000 -0.38268
vn 0.85355 0.38268 -0.35355
vn 0.92388 0.38268 -0.00000
vn 0.92388 0.00000 -0.38268
vn 1.00000 0.00000 -0.00000
vn 1.00000 0.00000 0.00000
vn 0.92388 0.00000 0.38268
vn 0.92388 -0.38268 0.00000
vn 0.85355 -0.38268 0.35355
vn 0.92388 0.00000 0.38268
vn 0.70711 0.00000 0.70711
vn 0.85355 -0.38268 0.35355
vn 0.65328 -0.38268 0.65328
vn 0.70711 0.00000 0.70711
vn 0.38268 0.00000 0.92388
vn 0.65328 -0.38268 0.65328
vn 0.35355 -0.38268 0.85355
vn 0.38268 0.00000 0.92388
vn 0.00000 0.00000 1.00000
vn 0.35355 -0.38268 0.85355
vn 0.00000 -0.38268 0.92388
vn 0.00000 0.00000 1.00000
vn -0.38268 0.00000 0.92388
vn 0.00000 -0.38268 0.92388
vn -0.35355 -0.38268 0.85355
vn -0.38268 0.00000 0.92388
vn -0.70711 0.00000 0.70711
vn -0.35355 -0.38268 0.85355
vn -0.65328 -0.38268 0.65328
vn -0.70711 0.00000 0.70711
vn -0.92388 0.00000 0.38268
vn -0.65328 -0.38268 0.65328
vn -0.85355 -0.38268 0.35355
vn -0.92388 0.00000 0.38268
vn -1.00000 0.00000 0.00000
vn -0.85355 -0.38268 0.35355
vn -0.92388 -0.38268 0.00000
vn -1.00000 0.00000 0.00000
vn -0.92388 0.00000 -0.38268
vn -0.92388 -0.38268 0.00000
vn -0.85355 -0.38268 -0.35355
vn -0.92388 0.00000 -0.38268
vn -0.70711 0.00000 -0.70711
vn -0.85355 -0.38268 -0.35355
vn -0.65328 -0.38268 -0.65328
vn -0.70711 0.00000 -0.70711
vn -0.38268 0.00000 -0.92388
vn -0.65328 -0.38268 -0.65328
vn -0.35355 -0.38268 -0.85355
vn -0.38268 0.00000 -0.92388
vn -0.00000 0.00000 -1.00000
vn -0.35355 -0.38268 -0.85355
vn -0.00000 -0.38268 -0.92388
vn -0.00000 0.00000 -1.00000
vn 0.38268 0.00000 -0.92388
vn -0.00000 -0.38268 -0.92388
vn 0.35355 -0.38268 -0.85355
vn 0.38268 0.00000 -0.92388
vn 0.70711 0.00000 -0.70711
vn 0.35355 -0.38268 -0.85355
vn 0.65328 -0.38268 -0.65328
vn 0.70711 0.00000 -0.70711
vn 0.92388 0.00000 -0.38268
vn 0.65328 -0.38268 -0.65328
vn 0.85355 -0.38268 -0.35355
vn 0.92388 0.00000 -0.38268
vn 1.00000 0.00000 -0.00000
vn 0.85355 -0.38268 -0.35355
vn 0.92388 -0.38268 -0.00000
vn 0.92388 -0.38268 0.00000
vn 0.85355 -0.38268 0.35355
vn 0.70711 -0.70711 0.00000
vn 0.65328 -0.70711 0.27060
vn 0.85355 -0.38268 0.35355
vn 0.65328 -0.38268 0.65328
vn 0.65328 -0.70711 0.27060
vn 0.50000 -0.70711 0.50000
vn 0.65328 -0.38268 0.65328
vn 0.35355 -0.38268 0.85355
vn 0.50000 -0.70711 0.50000
vn 0.27060 -0.70711 0.65328
vn 0.35355 -0.38268 0.85355
vn 0.00000 -0.38268 0.92388
vn 0.27060 -0.70711 0.65328
vn 0.00000 -0.70711 0.70711
vn 0.00000 -0.38268 0.92388
vn -0.35355 -0.38268 0.85355
vn 0.00000 -0.70711 0.70711
vn -0.27060 -0.70711 0.65328
vn -0.35355 -0.38268 0.85355
vn -0.65328 -0.38268 0.65328
vn -0.27060 -0.70711 0.65328
vn -0.50000 -0.70711 0.50000
vn -0.65328 -0.38268 0.65328
vn -0.85355 -0.38268 0.35355
vn -0.50000 -0.70711 0.50000
vn -0.65328 -0.70711 0.27060
vn -0.85355 -0.38268 0.35355
vn -0.92388 -0.38268 0.00000
vn -0.65328 -0.70711 0.27060
vn -0.70711 -0.70711 0.00000
vn -0.92388 -0.38268 0.00000
vn -0.85355 -0.38268 -0.35355
vn -0.70711 -0.70711 0.00000
vn -0.65328 -0.70711 -0.27060
vn -0.85355 -0.38268 -0.35355
vn -0.65328 -0.38268 -0.65328
vn -0.65328 -0.70711 -0.27060
vn -0.50000 -0.70711 -0.50000
vn -0.65328 -0.38268 -0.65328
vn -0.35355 -0.38268 -0.85355
vn -0.50000 -0.70711 -0.50000
vn -0.27060 -0.70711 -0.65328
vn -0.35355 -0.38268 -0.85355
vn -0.00000 -0.38268 -0.92388
vn -0.27060 -0.70711 -0.65328
vn -0.00000 -0.70711 -0.70711
vn -0.00000 -0.38268 -0.92388
vn 0.35355 -0.38268 -0.85355
vn -0.00000 -0.70711 -0.70711
vn 0.27060 -0.70711 -0.65328
vn 0.35355 -0.38268 -0.85355
vn 0.65328 -0.38268 -0.65328
vn 0.27060 -0.70711 -0.65328
vn 0.50000 -0.70711 -0.50000
vn 0.65328 -0.38268 -0.65328
vn 0.85355 -0.38268 -0.35355
vn 0.50000 -0.70711 -0.50000
vn 0.65328 -0.70711 -0.27060
vn 0.85355 -0.38268 -0.35355
vn 0.92388 -0.38268 -0.00000
vn 0.65328 -0.70711 -0.27060
vn 0.70711 -0.70711 -0.00000
vn 0.70711 -0.70711 0.00000
vn 0.65328 -0.70711 0.27060
vn 0.38268 -0.92388 0.00000
vn 0.35355 -0.92388 0.14645
vn 0.65328 -0.70711 0.27060
vn 0.50000 -0.70711 0.50000
vn 0.35355 -0.92388 0.14645
vn 0.27060 -0.92388 0.27060
vn 0.50000 -0.70711 0.50000
vn 0.27060 -0.70711 0.65328
vn 0.27060 -0.92388 0.27060
vn 0.14645 -0.92388 0.35355
vn 0.27060 -0.70711 0.65328
vn 0.00000 -0.70711 0.70711
vn 0.14645 -0.92388 0.35355
vn 0.00000 -0.92388 0.38268
vn 0.00000 -0.70711 0.70711
vn -0.27060 -0.70711 0.65328
vn 0.00000 -0.92388 0.38268
vn -0.14645 -0.92388 0.35355
vn -0.27060 -0.70711 0.65328
vn -0.50000 -0.70711 0.50000
vn -0.14645 -0.92388 0.35355
vn -0.27060 -0.92388 0.27060
vn -0.50000 -0.70711 0.50000
vn -0.65328 -0.70711 0.27060
vn -0.27060 -0.92388 0.27060
vn -0.35355 -0.92388 0.14645
vn -0.65328 -0.70711 0.27060
vn -0.70711 -0.70711 0.00000
vn -0.35355 -0.92388 0.14645
vn -0.38268 -0.92388 0.00000
vn -0.70711 -0.70711 0.00000
vn -0.65328 -0.70711 -0.27060
vn -0.38268 -0.92388 0.00000
vn -0.35355 -0.92388 -0.14645
vn -0.65328 -0.70711 -0.27060
vn -0.50000 -0.70711 -0.50000
vn -0.35355 -0.92388 -0.14645
vn -0.27060 -0.92388 -0.27060
vn -0.50000 -0.70711 -0.50000
vn -0.27060 -0.70711 -0.65328
vn -0.27060 -0.92388 -0.27060
vn -0.14645 -0.92388 -0.35355
vn -0.27060 -0.70711 -0.65328
vn -0.00000 -0.70711 -0.70711
vn -0.14645 -0.92388 -0.35355
vn -0.00000 -0.92388 -0.38268
vn -0.00000 -0.70711 -0.70711
vn 0.27060 -0.70711 -0.65328
vn -0.00000 -0.92388 -0.38268
vn 0.14645 -0.92388 -0.35355
vn 0.27060 -0.70711 -0.65328
vn 0.50000 -0.70711 -0.50000
vn 0.14645 -0.92388 -0.35355
vn 0.27060 -0.92388 -0.27060
vn 0.50000 -0.70711 -0.50000
vn 0.65328 -0.70711 -0.27060
vn 0.27060 -0.92388 -0.27060
vn 0.35355 -0.92388 -0.14645
vn 0.65328 -0.70711 -0.27060
vn 0.70711 -0.70711 -0.00000
vn 0.35355 -0.92388 -0.14645
vn 0.38268 -0.92388 -0.00000
vn 0.00000 -1.00000 0.00000
vn 0.38268 -0.92388 0.00000
vn 0.35355 -0.92388 0.14645
vn 0.00000 -1.00000 0.00000
vn 0.35355 -0.92388 0.14645
vn 0.27060 -0.92388 0.27060
vn 0.00000 -1.00000 0.00000
vn 0.27060 -0.92388 0.27060
vn 0.14645 -0.92388 0.35355
vn 0.00000 -1.00000 0.00000
vn 0.14645 -0.92388 0.35355
vn 0.00000 -0.92388 0.38268
vn -0.00000 -1.00000 0.00000
vn 0.00000 -0.92388 0.38268
vn -0.14645 -0.92388 0.35355
vn -0.00000 -1.00000 0.00000
vn -0.14645 -0.92388 0.35355
vn -0.27060 -0.92388 0.27060
vn -0.00000 -1.00000 0.00000
vn -0.27060 -0.92388 0.27060
vn -0.35355 -0.92388 0.14645
vn -0.00000 -1.00000 0.00000
vn -0.35355 -0.92388 0.14645
vn -0.38268 -0.92388 0.00000
vn -0.00000 -1.00000 -0.00000
vn -0.38268 -0.92388 0.00000
vn -0.35355 -0.92388 -0.14645
vn -0.00000 -1.00000 -0.00000
vn -0.35355 -0.92388 -0.14645
vn -0.27060 -0.92388 -0.27060
vn -0.00000 -1.00000 -0.00000
vn -0.27060 -0.92388 -0.27060
vn -0.14645 -0.92388 -0.35355
vn -0.00000 -1.00000 -0.00000
vn -0.14645 -0.92388 -0.35355
vn -0.00000 -0.92388 -0.38268
vn 0.00000 -1.00000 -0.00000
vn -0.00000 -0.92388 -0.38268
vn 0.14645 -0.92388 -0.35355
vn 0.00000 -1.00000 -0.00000
vn 0.14645 -0.92388 -0.35355
vn 0.27060 -0.92388 -0.27060
vn 0.00000 -1.00000 -0.00000
vn 0.27060 -0.92388 -0.27060
vn 0.35355 -0.92388 -0.14645
vn 0.00000 -1.00000 -0.00000
vn 0.35355 -0.92388 -0.14645
vn 0.38268 -0.92388 -0.00000
vn -0.03000 -0.08000 -0.02000
vn 0.03000 -0.08000 -0.02000
vn 0.03000 0.08000 -0.02000
vn -0.03000 0.08000 -0.02000
vn -0.03000 -0.08000 0.02000
vn 0.03000 -0.08000 0.02000
vn 0.03000 0.08000 0.02000
vn -0.03000 0.08000 0.02000
vn 0.06000 0.00000 0.00000
vn 0.04243 0.00000 0.04243
vn 0.04243 0.00000 0.04243
vn 0.06000 0.00000 0.00000
vn 0.04243 0.00000 0.04243
vn 0.00000 0.00000 0.06000
vn 0.00000 0.00000 0.06000
vn 0.04243 0.00000 0.04243
vn 0.00000 0.00000 0.06000
vn -0.04243 0.00000 0.04243
vn -0.04243 0.00000 0.04243
vn 0.00000 0.00000 0.06000
vn -0.04243 0.00000 0.04243
vn -0.06000 0.00000 0.00000
vn -0.06000 0.00000 0.00000
vn -0.04243 0.00000 0.04243
vn -0.06000 0.00000 0.00000
vn -0.04243 0.00000 -0.04243
vn -0.04243 0.00000 -0.04243
vn -0.06000 0.00000 0.00000
vn -0.04243 0.00000 -0.04243
vn -0.00000 0.00000 -0.06000
vn -0.00000 0.00000 -0.06000
vn -0.04243 0.00000 -0.04243
vn -0.00000 0.00000 -0.06000
vn 0.04243 0.00000 -0.04243
vn 0.04243 0.00000 -0.04243
vn -0.00000 0.00000 -0.06000
vn 0.04243 0.00000 -0.04243
vn 0.06000 0.00000 -0.00000
vn 0.06000 0.00000 -0.00000
vn 0.04243 0.00000 -0.04243
vn 0.00000 1.00000 0.00000
vn 0.00000 1.00000 0.00000
vn 0.00000 1.00000 0.00000
vn 0.00000 1.00000 0.00000
vn 0.00000 1.00000 0.00000
vn 0.00000 1.00000 0.00000
vn 0.00000 1.00000 0.00000
vn 0.00000 1.00000 0.00000
vn 0.00000 1.00000 0.00000
vn 0.00000 1.00000 0.00000
vn 0.00000 1.00000 0.00000
vn 0.00000 1.00000 0.00000
vn 0.00000 1.00000 0.00000
vn 0.00000 1.00000 0.00000
vn 0.00000 1.00000 0.00000
vn 0.00000 1.00000 0.00000
vn 0.00000 1.00000 0.00000
vn -0.11000 -0.14000 -0.02000
vn 0.11000 -0.14000 -0.02000
vn 0.11000 0.14000 -0.02000
vn -0.11000 0.14000 -0.02000
vn -0.11000 -0.14000 0.02000
vn 0.11000 -0.14000 0.02000
vn 0.11000 0.14000 0.02000
vn -0.11000 0.14000 0.02000
vn 0.07000 0.00000 0.00000
vn 0.05663 0.00000 0.04114
vn 0.05663 0.00000 0.04114
vn 0.07000 0.00000 0.00000
vn 0.05663 0.00000 0.04114
vn 0.02163 0.00000 0.06657
vn 0.02163 0.00000 0.06657
vn 0.05663 0.00000 0.04114
vn 0.02163 0.00000 0.06657
vn -0.02163 0.00000 0.06657
vn -0.02163 0.00000 0.06657
vn 0.02163 0.00000 0.06657
vn -0.02163 0.00000 0.06657
vn -0.05663 0.00000 0.04114
vn -0.05663 0.00000 0.04114
vn -0.02163 0.00000 0.06657
vn -0.05663 0.00000 0.04114
vn -0.07000 0.00000 0.00000
vn -0.07000 0.00000 0.00000
vn -0.05663 0.00000 0.04114
vn -0.07000 0.00000 0.00000
vn -0.05663 0.00000 -0.04114
vn -0.05663 0.00000 -0.04114
vn -0.07000 0.00000 0.00000
vn -0.05663 0.00000 -0.04114
vn -0.02163 0.00000 -0.06657
vn -0.02163 0.00000 -0.06657
vn -0.05663 0.00000 -0.04114
vn -0.02163 0.00000 -0.06657
vn 0.02163 0.00000 -0.06657
vn 0.02163 0.00000 -0.06657
vn -0.02163 0.00000 -0.06657
vn 0.02163 0.00000 -0.06657
vn 0.05663 0.00000 -0.04114
vn 0.05663 0.00000 -0.04114
vn 0.02163 0.00000 -0.06657
vn 0.05663 0.00000 -0.04114
vn 0.07000 0.00000 -0.00000
vn 0.07000 0.00000 -0.00000
vn 0.05663 0.00000 -0.04114
vn 0.00000 1.00000 0.00000
vn 0.00000 1.00000 0.00000
vn 0.00000 1.00000 0.00000
vn 0.00000 1.00000 0.00000
vn 0.00000 1.00000 0.00000
vn 0.00000 1.00000 0.00000
vn 0.00000 1.00000 0.00000
vn 0.00000 1.00000 0.00000
vn 0.00000 1.00000 0.00000
vn 0.00000 1.00000 0.00000
vn 0.00000 1.00000 0.00000
vn 0.00000 1.00000 0.00000
vn 0.00000 1.00000 0.00000
vn 0.00000 1.00000 0.00000
vn 0.00000 1.00000 0.00000
vn 0.00000 1.00000 0.00000
vn 0.00000 1.00000 0.00000
vn 0.00000 1.00000 0.00000
vn 0.00000 1.00000 0.00000
vn 0.00000 1.00000 0.00000
vn 0.00000 1.00000 0.00000
vn 0.07000 0.00000 0.00000
vn 0.05663 0.00000 0.04114
vn 0.05663 0.00000 0.04114
vn 0.07000 0.00000 0.00000
vn 0.05663 0.00000 0.04114
vn 0.02163 0.00000 0.06657
vn 0.02163 0.00000 0.06657
vn 0.05663 0.00000 0.04114
vn 0.02163 0.00000 0.06657
vn -0.02163 0.00000 0.06657
vn -0.02163 0.00000 0.06657
vn 0.02163 0.00000 0.06657
vn -0.02163 0.00000 0.06657
vn -0.05663 0.00000 0.04114
vn -0.05663 0.00000 0.04114
vn -0.02163 0.00000 0.06657
vn -0.05663 0.00000 0.04114
vn -0.07000 0.00000 0.00000
vn -0.07000 0.00000 0.00000
vn -0.05663 0.00000 0.04114
vn -0.07000 0.00000 0.00000
vn -0.05663 0.00000 -0.04114
vn -0.05663 0.00000 -0.04114
vn -0.07000 0.00000 0.00000
vn -0.05663 0.00000 -0.04114
vn -0.02163 0.00000 -0.06657
vn -0.02163 0.00000 -0.06657
vn -0.05663 0.00000 -0.04114
vn -0.02163 0.00000 -0.06657
vn 0.02163 0.00000 -0.06657
vn 0.02163 0.00000 -0.06657
vn -0.02163 0.00000 -0.06657
vn 0.02163 0.00000 -0.06657
vn 0.05663 0.00000 -0.04114
vn 0.05663 0.00000 -0.04114
vn 0.02163 0.00000 -0.06657
vn 0.05663 0.00000 -0.04114
vn 0.07000 0.00000 -0.00000
vn 0.07000 0.00000 -0.00000
vn 0.05663 0.00000 -0.04114
vn 0.00000 1.00000 0.00000
vn 0.00000 1.00000 0.00000
vn 0.00000 1.00000 0.00000
vn 0.00000 1.00000 0.00000
vn 0.00000 1.00000 0.00000
vn 0.00000 1.00000 0.00000
vn 0.00000 1.00000 0.00000
vn 0.00000 1.00000 0.00000
vn 0.00000 1.00000 0.00000
vn 0.00000 1.00000 0.00000
vn 0.00000 1.00000 0.00000
vn 0.00000 1.00000 0.00000
vn 0.00000 1.00000 0.00000
vn 0.00000 1.00000 0.00000
vn 0.00000 1.00000 0.00000
vn 0.00000 1.00000 0.00000
vn 0.00000 1.00000 0.00000
vn 0.00000 1.00000 0.00000
vn 0.00000 1.00000 0.00000
vn 0.00000 1.00000 0.00000
vn 0.00000 1.00000 0.00000
vn 0.07000 0.00000 0.00000
vn 0.05663 0.00000 0.04114
vn 0.05663 0.00000 0.04114
vn 0.07000 0.00000 0.00000
vn 0.05663 0.00000 0.04114
vn 0.02163 0.00000 0.06657
vn 0.02163 0.00000 0.06657
vn 0.05663 0.00000 0.04114
vn 0.02163 0.00000 0.06657
vn -0.02163 0.00000 0.06657
vn -0.02163 0.00000 0.06657
vn 0.02163 0.00000 0.06657
vn -0.02163 0.00000 0.06657
vn -0.05663 0.00000 0.04114
vn -0.05663 0.00000 0.04114
vn -0.02163 0.00000 0.06657
vn -0.05663 0.00000 0.04114
vn -0.07000 0.00000 0.00000
vn -0.07000 0.00000 0.00000
vn -0.05663 0.00000 0.04114
vn -0.07000 0.00000 0.00000
vn -0.05663 0.00000 -0.04114
vn -0.05663 0.00000 -0.04114
vn -0.07000 0.00000 0.00000
vn -0.05663 0.00000 -0.04114
vn -0.02163 0.00000 -0.06657
vn -0.02163 0.00000 -0.06657
vn -0.05663 0.00000 -0.04114
vn -0.02163 0.00000 -0.06657
vn 0.02163 0.00000 -0.06657
vn 0.02163 0.00000 -0.06657
vn -0.02163 0.00000 -0.06657
vn 0.02163 0.00000 -0.06657
vn 0.05663 0.00000 -0.04114
vn 0.05663 0.00000 -0.04114
vn 0.02163 0.00000 -0.06657
vn 0.05663 0.00000 -0.04114
vn 0.07000 0.00000 -0.00000
vn 0.07000 0.00000 -0.00000
vn 0.05663 0.00000 -0.04114
vn 0.00000 1.00000 0.00000
vn 0.00000 1.00000 0.00000
vn 0.00000 1.00000 0.00000
vn 0.00000 1.00000 0.00000
vn 0.00000 1.00000 0.00000
vn 0.00000 1.00000 0.00000
vn 0.00000 1.00000 0.00000
vn 0.00000 1.00000 0.00000
vn 0.00000 1.00000 0.00000
vn 0.00000 1.00000 0.00000
vn 0.00000 1.00000 0.00000
vn 0.00000 1.00000 0.00000
vn 0.00000 1.00000 0.00000
vn 0.00000 1.00000 0.00000
vn 0.00000 1.00000 0.00000
vn 0.00000 1.00000 0.00000
vn 0.00000 1.00000 0.00000
vn 0.00000 1.00000 0.00000
vn 0.00000 1.00000 0.00000
vn 0.00000 1.00000 0.00000
vn 0.00000 1.00000 0.00000
vn 0.07000 0.00000 0.00000
vn 0.05663 0.00000 0.04114
vn 0.05663 0.00000 0.04114
vn 0.07000 0.00000 0.00000
vn 0.05663 0.00000 0.04114
vn 0.02163 0.00000 0.06657
vn 0.02163 0.00000 0.06657
vn 0.05663 0.00000 0.04114
vn 0.02163 0.00000 0.06657
vn -0.02163 0.00000 0.06657
vn -0.02163 0.00000 0.06657
vn 0.02163 0.00000 0.06657
vn -0.02163 0.00000 0.06657
vn -0.05663 0.00000 0.04114
vn -0.05663 0.00000 0.04114
vn -0.02163 0.00000 0.06657
vn -0.05663 0.00000 0.04114
vn -0.07000 0.00000 0.00000
vn -0.07000 0.00000 0.00000
vn -0.05663 0.00000 0.04114
vn -0.07000 0.00000 0.00000
vn -0.05663 0.00000 -0.04114
vn -0.05663 0.00000 -0.04114
vn -0.07000 0.00000 0.00000
vn -0.05663 0.00000 -0.04114
vn -0.02163 0.00000 -0.06657
vn -0.02163 0.00000 -0.06657
vn -0.05663 0.00000 -0.04114
vn -0.02163 0.00000 -0.06657
vn 0.02163 0.00000 -0.06657
vn 0.02163 0.00000 -0.06657
vn -0.02163 0.00000 -0.06657
vn 0.02163 0.00000 -0.06657
vn 0.05663 0.00000 -0.04114
vn 0.05663 0.00000 -0.04114
vn 0.02163 0.00000 -0.06657
vn 0.05663 0.00000 -0.04114
vn 0.07000 0.00000 -0.00000
vn 0.07000 0.00000 -0.00000
vn 0.05663 0.00000 -0.04114
vn 0.00000 1.00000 0.00000
vn 0.00000 1.00000 0.00000
vn 0.00000 1.00000 0.00000
vn 0.00000 1.00000 0.00000
vn 0.00000 1.00000 0.00000
vn 0.00000 1.00000 0.00000
vn 0.00000 1.00000 0.00000
vn 0.00000 1.00000 0.00000
vn 0.00000 1.00000 0.00000
vn 0.00000 1.00000 0.00000
vn 0.00000 1.00000 0.00000
vn 0.00000 1.00000 0.00000
vn 0.00000 1.00000 0.00000
vn 0.00000 1.00000 0.00000
vn 0.00000 1.00000 0.00000
vn 0.00000 1.00000 0.00000
vn 0.00000 1.00000 0.00000
vn 0.00000 1.00000 0.00000
vn 0.00000 1.00000 0.00000
vn 0.00000 1.00000 0.00000
vn 0.00000 1.00000 0.00000
vn 0.02500 0.00000 0.00000
vn 0.01768 0.00000 0.01768
vn 0.01768 0.00000 0.01768
vn 0.02500 0.00000 0.00000
vn 0.01768 0.00000 0.01768
vn 0.00000 0.00000 0.02500
vn 0.00000 0.00000 0.02500
vn 0.01768 0.00000 0.01768
vn 0.00000 0.00000 0.02500
vn -0.01768 0.00000 0.01768
vn -0.01768 0.00000 0.01768
vn 0.00000 0.00000 0.02500
vn -0.01768 0.00000 0.01768
vn -0.02500 0.00000 0.00000
vn -0.02500 0.00000 0.00000
vn -0.01768 0.00000 0.01768
vn -0.02500 0.00000 0.00000
vn -0.01768 0.00000 -0.01768
vn -0.01768 0.00000 -0.01768
vn -0.02500 0.00000 0.00000
vn -0.01768 0.00000 -0.01768
vn -0.00000 0.00000 -0.02500
vn -0.00000 0.00000 -0.02500
vn -0.01768 0.00000 -0.01768
vn -0.00000 0.00000 -0.02500
vn 0.01768 0.00000 -0.01768
vn 0.01768 0.00000 -0.01768
vn -0.00000 0.00000 -0.02500
vn 0.01768 0.00000 -0.01768
vn 0.02500 0.00000 -0.00000
vn 0.02500 0.00000 -0.00000
vn 0.01768 0.00000 -0.01768
vn 0.00000 1.00000 0.00000
vn 0.00000 1.00000 0.00000
vn 0.00000 1.00000 0.00000
vn 0.00000 1.00000 0.00000
vn 0.00000 1.00000 0.00000
vn 0.00000 1.00000 0.00000
vn 0.00000 1.00000 0.00000
vn 0.00000 1.00000 0.00000
vn 0.00000 1.00000 0.00000
vn 0.00000 1.00000 0.00000
vn 0.00000 1.00000 0.00000
vn 0.00000 1.00000 0.00000
vn 0.00000 1.00000 0.00000
vn 0.00000 1.00000 0.00000
vn 0.00000 1.00000 0.00000
vn 0.00000 1.00000 0.00000
vn 0.00000 1.00000 0.00000
vn 0.03000 0.00000 0.00000
vn 0.02121 0.00000 0.02121
vn 0.02121 0.00000 0.02121
vn 0.03000 0.00000 0.00000
vn 0.02121 0.00000 0.02121
vn 0.00000 0.00000 0.03000
vn 0.00000 0.00000 0.03000
vn 0.02121 0.00000 0.02121
vn 0.00000 0.00000 0.03000
vn -0.02121 0.00000 0.02121
vn -0.02121 0.00000 0.02121
vn 0.00000 0.00000 0.03000
vn -0.02121 0.00000 0.02121
vn -0.03000 0.00000 0.00000
vn -0.03000 0.00000 0.00000
vn -0.02121 0.00000 0.02121
vn -0.03000 0.00000 0.00000
vn -0.02121 0.00000 -0.02121
vn -0.02121 0.00000 -0.02121
vn -0.03000 0.00000 0.00000
vn -0.02121 0.00000 -0.02121
vn -0.00000 0.00000 -0.03000
vn -0.00000 0.00000 -0.03000
vn -0.02121 0.00000 -0.02121
vn -0.00000 0.00000 -0.03000
vn 0.02121 0.00000 -0.02121
vn 0.02121 0.00000 -0.02121
vn -0.00000 0.00000 -0.03000
vn 0.02121 0.00000 -0.02121
vn 0.03000 0.00000 -0.00000
vn 0.03000 0.00000 -0.00000
vn 0.02121 0.00000 -0.02121
vn 0.00000 1.00000 0.00000
vn 0.00000 1.00000 0.00000
vn 0.00000 1.00000 0.00000
vn 0.00000 1.00000 0.00000
vn 0.00000 1.00000 0.00000
vn 0.00000 1.00000 0.00000
vn 0.00000 1.00000 0.00000
vn 0.00000 1.00000 0.00000
vn 0.00000 1.00000 0.00000
vn 0.00000 1.00000 0.00000
vn 0.00000 1.00000 0.00000
vn 0.00000 1.00000 0.00000
vn 0.00000 1.00000 0.00000
vn 0.00000 1.00000 0.00000
vn 0.00000 1.00000 0.00000
vn 0.00000 1.00000 0.00000
vn 0.00000 1.00000 0.00000

g english_knight_white
usemtl english_knight_white
f 1/1/1 2/1/2 3/1/3
f 3/1/3 4/1/4 1/1/1
f 5/1/5 6/1/6 7/1/7
f 7/1/7 8/1/8 5/1/5
f 9/1/9 10/1/10 11/1/11
f 11/1/11 12/1/12 9/1/9
f 13/1/13 14/1/14 15/1/15
f 15/1/15 16/1/16 13/1/13
f 17/1/17 18/1/18 19/1/19
f 19/1/19 20/1/20 17/1/17
f 21/1/21 22/1/22 23/1/23
f 23/1/23 24/1/24 21/1/21
f 25/1/25 26/1/26 27/1/27
f 27/1/27 28/1/28 25/1/25
f 29/1/29 30/1/30 31/1/31
f 31/1/31 32/1/32 29/1/29
f 33/1/33 34/1/34 35/1/35
f 35/1/35 36/1/36 33/1/33
f 37/1/37 38/1/38 39/1/39
f 39/1/39 40/1/40 37/1/37
f 41/1/41 42/1/42 43/1/43
f 43/1/43 44/1/44 41/1/41
f 45/1/45 46/1/46 47/1/47
f 47/1/47 48/1/48 45/1/45
f 49/1/49 50/1/50 51/1/51
f 51/1/51 52/1/52 49/1/49
f 53/1/53 54/1/54 55/1/55
f 55/1/55 56/1/56 53/1/53
f 57/1/57 58/1/58 59/1/59
f 59/1/59 60/1/60 57/1/57
f 61/1/61 62/1/62 63/1/63
f 63/1/63 64/1/64 61/1/61
f 65/1/65 66/1/66 67/1/67
f 65/1/65 68/1/68 69/1/69
f 65/1/65 70/1/70 71/1/71
f 65/1/65 72/1/72 73/1/73
f 65/1/65 74/1/74 75/1/75
f 65/1/65 76/1/76 77/1/77
f 65/1/65 78/1/78 79/1/79
f 65/1/65 80/1/80 81/1/81
f 65/1/65 82/1/82 83/1/83
f 65/1/65 84/1/84 85/1/85
f 65/1/65 86/1/86 87/1/87
f 65/1/65 88/1/88 89/1/89
f 65/1/65 90/1/90 91/1/91
f 65/1/65 92/1/92 93/1/93
f 65/1/65 94/1/94 95/1/95
f 65/1/65 96/1/96 97/1/97
f 98/1/98 99/1/99 100/1/100
f 100/1/100 101/1/101 98/1/98
f 102/1/102 103/1/103 104/1/104
f 104/1/104 105/1/105 102/1/102
f 106/1/106 107/1/107 108/1/108
f 108/1/108 109/1/109 106/1/106
f 110/1/110 111/1/111 112/1/112
f 112/1/112 113/1/113 110/1/110
f 114/1/114 115/1/115 116/1/116
f 116/1/116 117/1/117 114/1/114
f 118/1/118 119/1/119 120/1/120
f 120/1/120 121/1/121 118/1/118
f 122/1/122 123/1/123 124/1/124
f 124/1/124 125/1/125 122/1/122
f 126/1/126 127/1/127 128/1/128
f 128/1/128 129/1/129 126/1/126
f 130/1/130 131/1/131 132/1/132
f 132/1/132 133/1/133 130/1/130
f 134/1/134 135/1/135 136/1/136
f 136/1/136 137/1/137 134/1/134
f 138/1/138 139/1/139 140/1/140
f 140/1/140 141/1/141 138/1/138
f 142/1/142 143/1/143 144/1/144
f 144/1/144 145/1/145 142/1/142
f 146/1/146 147/1/147 148/1/148
f 148/1/148 149/1/149 146/1/146
f 150/1/150 151/1/151 152/1/152
f 152/1/152 153/1/153 150/1/150
f 154/1/154 155/1/155 156/1/156
f 156/1/156 157/1/157 154/1/154
f 158/1/158 159/1/159 160/1/160
f 160/1/160 161/1/161 158/1/158
f 162/1/162 163/1/163 164/1/164
f 162/1/162 165/1/165 166/1/166
f 162/1/162 167/1/167 168/1/168
f 162/1/162 169/1/169 170/1/170
f 162/1/162 171/1/171 172/1/172
f 162/1/162 173/1/173 174/1/174
f 162/1/162 175/1/175 176/1/176
f 162/1/162 177/1/177 178/1/178
f 162/1/162 179/1/179 180/1/180
f 162/1/162 181/1/181 182/1/182
f 162/1/162 183/1/183 184/1/184
f 162/1/162 185/1/185 186/1/186
f 162/1/162 187/1/187 188/1/188
f 162/1/162 189/1/189 190/1/190
f 162/1/162 191/1/191 192/1/192
f 162/1/162 193/1/193 194/1/194
f 195/1/195 196/1/196 197/1/197
f 197/1/197 198/1/198 195/1/195
f 199/1/199 200/1/200 201/1/201
f 201/1/201 202/1/202 199/1/199
f 203/1/203 204/1/204 205/1/205
f 205/1/205 206/1/206 203/1/203
f 207/1/207 208/1/208 209/1/209
f 209/1/209 210/1/210 207/1/207
f 211/1/211 212/1/212 213/1/213
f 213/1/213 214/1/214 211/1/211
f 215/1/215 216/1/216 217/1/217
f 217/1/217 218/1/218 215/1/215
f 219/1/219 220/1/220 221/1/221
f 221/1/221 222/1/222 219/1/219
f 223/1/223 224/1/224 225/1/225
f 225/1/225 226/1/226 223/1/223
f 227/1/227 228/1/228 229/1/229
f 229/1/229 230/1/230 227/1/227
f 231/1/231 232/1/232 233/1/233
f 233/1/233 234/1/234 231/1/231
f 235/1/235 236/1/236 237/1/237
f 237/1/237 238/1/238 235/1/235
f 239/1/239 240/1/240 241/1/241
f 241/1/241 242/1/242 239/1/239
f 243/1/243 244/1/244 245/1/245
f 245/1/245 246/1/246 243/1/243
f 247/1/247 248/1/248 249/1/249
f 249/1/249 250/1/250 247/1/247
f 251/1/251 252/1/252 253/1/253
f 253/1/253 254/1/254 251/1/251
f 255/1/255 256/1/256 257/1/257
f 257/1/257 258/1/258 255/1/255
f 259/1/259 260/1/260 261/1/261
f 259/1/259 262/1/262 263/1/263
f 259/1/259 264/1/264 265/1/265
f 259/1/259 266/1/266 267/1/267
f 259/1/259 268/1/268 269/1/269
f 259/1/259 270/1/270 271/1/271
f 259/1/259 272/1/272 273/1/273
f 259/1/259 274/1/274 275/1/275
f 259/1/259 276/1/276 277/1/277
f 259/1/259 278/1/278 279/1/279
f 259/1/259 280/1/280 281/1/281
f 259/1/259 282/1/282 283/1/283
f 259/1/259 284/1/284 285/1/285
f 259/1/259 286/1/286 287/1/287
f 259/1/259 288/1/288 289/1/289
f 259/1/259 290/1/290 291/1/291
f 292/1/292 293/1/293 294/1/294
f 295/1/295 296/1/296 297/1/297
f 298/1/298 299/1/299 300/1/300
f 301/1/301 302/1/302 303/1/303
f 304/1/304 305/1/305 306/1/306
f 307/1/307 308/1/308 309/1/309
f 310/1/310 311/1/311 312/1/312
f 313/1/313 314/1/314 315/1/315
f 316/1/316 317/1/317 318/1/318
f 319/1/319 320/1/320 321/1/321
f 322/1/322 323/1/323 324/1/324
f 325/1/325 326/1/326 327/1/327
f 328/1/328 329/1/329 330/1/330
f 331/1/331 332/1/332 333/1/333
f 334/1/334 335/1/335 336/1/336
f 337/1/337 338/1/338 339/1/339
f 340/1/340 342/1/342 343/1/343
f 340/1/340 343/1/343 341/1/341
f 344/1/344 346/1/346 347/1/347
f 344/1/344 347/1/347 345/1/345
f 348/1/348 350/1/350 351/1/351
f 348/1/348 351/1/351 349/1/349
f 352/1/352 354/1/354 355/1/355
f 352/1/352 355/1/355 353/1/353
f 356/1/356 358/1/358 359/1/359
f 356/1/356 359/1/359 357/1/357
f 360/1/360 362/1/362 363/1/363
f 360/1/360 363/1/363 361/1/361
f 364/1/364 366/1/366 367/1/367
f 364/1/364 367/1/367 365/1/365
f 368/1/368 370/1/370 371/1/371
f 368/1/368 371/1/371 369/1/369
f 372/1/372 374/1/374 375/1/375
f 372/1/372 375/1/375 373/1/373
f 376/1/376 378/1/378 379/1/379
f 376/1/376 379/1/379 377/1/377
f 380/1/380 382/1/382 383/1/383
f 380/1/380 383/1/383 381/1/381
f 384/1/384 386/1/386 387/1/387
f 384/1/384 387/1/387 385/1/385
f 388/1/388 390/1/390 391/1/391
f 388/1/388 391/1/391 389/1/389
f 392/1/392 394/1/394 395/1/395
f 392/1/392 395/1/395 393/1/393
f 396/1/396 398/1/398 399/1/399
f 396/1/396 399/1/399 397/1/397
f 400/1/400 402/1/402 403/1/403
f 400/1/400 403/1/403 401/1/401
f 404/1/404 406/1/406 407/1/407
f 404/1/404 407/1/407 405/1/405
f 408/1/408 410/1/410 411/1/411
f 408/1/408 411/1/411 409/1/409
f 412/1/412 414/1/414 415/1/415
f 412/1/412 415/1/415 413/1/413
f 416/1/416 418/1/418 419/1/419
f 416/1/416 419/1/419 417/1/417
f 420/1/420 422/1/422 423/1/423
f 420/1/420 423/1/423 421/1/421
f 424/1/424 426/1/426 427/1/427
f 424/1/424 427/1/427 425/1/425
f 428/1/428 430/1/430 431/1/431
f 428/1/428 431/1/431 429/1/429
f 432/1/432 434/1/434 435/1/435
f 432/1/432 435/1/435 433/1/433
f 436/1/436 438/1/438 439/1/439
f 436/1/436 439/1/439 437/1/437
f 440/1/440 442/1/442 443/1/443
f 440/1/440 443/1/443 441/1/441
f 444/1/444 446/1/446 447/1/447
f 444/1/444 447/1/447 445/1/445
f 448/1/448 450/1/450 451/1/451
f 448/1/448 451/1/451 449/1/449
f 452/1/452 454/1/454 455/1/455
f 452/1/452 455/1/455 453/1/453
f 456/1/456 458/1/458 459/1/459
f 456/1/456 459/1/459 457/1/457
f 460/1/460 462/1/462 463/1/463
f 460/1/460 463/1/463 461/1/461
f 464/1/464 466/1/466 467/1/467
f 464/1/464 467/1/467 465/1/465
f 468/1/468 470/1/470 471/1/471
f 468/1/468 471/1/471 469/1/469
f 472/1/472 474/1/474 475/1/475
f 472/1/472 475/1/475 473/1/473
f 476/1/476 478/1/478 479/1/479
f 476/1/476 479/1/479 477/1/477
f 480/1/480 482/1/482 483/1/483
f 480/1/480 483/1/483 481/1/481
f 484/1/484 486/1/486 487/1/487
f 484/1/484 487/1/487 485/1/485
f 488/1/488 490/1/490 491/1/491
f 488/1/488 491/1/491 489/1/489
f 492/1/492 494/1/494 495/1/495
f 492/1/492 495/1/495 493/1/493
f 496/1/496 498/1/498 499/1/499
f 496/1/496 499/1/499 497/1/497
f 500/1/500 502/1/502 503/1/503
f 500/1/500 503/1/503 501/1/501
f 504/1/504 506/1/506 507/1/507
f 504/1/504 507/1/507 505/1/505
f 508/1/508 510/1/510 511/1/511
f 508/1/508 511/1/511 509/1/509
f 512/1/512 514/1/514 515/1/515
f 512/1/512 515/1/515 513/1/513
f 516/1/516 518/1/518 519/1/519
f 516/1/516 519/1/519 517/1/517
f 520/1/520 522/1/522 523/1/523
f 520/1/520 523/1/523 521/1/521
f 524/1/524 526/1/526 527/1/527
f 524/1/524 527/1/527 525/1/525
f 528/1/528 530/1/530 531/1/531
f 528/1/528 531/1/531 529/1/529
f 532/1/532 534/1/534 535/1/535
f 532/1/532 535/1/535 533/1/533
f 536/1/536 538/1/538 539/1/539
f 536/1/536 539/1/539 537/1/537
f 540/1/540 542/1/542 543/1/543
f 540/1/540 543/1/543 541/1/541
f 544/1/544 546/1/546 547/1/547
f 544/1/544 547/1/547 545/1/545
f 548/1/548 550/1/550 551/1/551
f 548/1/548 551/1/551 549/1/549
f 552/1/552 554/1/554 555/1/555
f 552/1/552 555/1/555 553/1/553
f 556/1/556 558/1/558 559/1/559
f 556/1/556 559/1/559 557/1/557
f 560/1/560 562/1/562 563/1/563
f 560/1/560 563/1/563 561/1/561
f 564/1/564 566/1/566 567/1/567
f 564/1/564 567/1/567 565/1/565
f 568/1/568 570/1/570 571/1/571
f 568/1/568 571/1/571 569/1/569
f 572/1/572 574/1/574 575/1/575
f 572/1/572 575/1/575 573/1/573
f 576/1/576 578/1/578 579/1/579
f 576/1/576 579/1/579 577/1/577
f 580/1/580 582/1/582 583/1/583
f 580/1/580 583/1/583 581/1/581
f 584/1/584 586/1/586 587/1/587
f 584/1/584 587/1/587 585/1/585
f 588/1/588 590/1/590 591/1/591
f 588/1/588 591/1/591 589/1/589
f 592/1/592 594/1/594 595/1/595
f 592/1/592 595/1/595 593/1/593
f 596/1/596 598/1/598 599/1/599
f 596/1/596 599/1/599 597/1/597
f 600/1/600 602/1/602 603/1/603
f 600/1/600 603/1/603 601/1/601
f 604/1/604 606/1/606 607/1/607
f 604/1/604 607/1/607 605/1/605
f 608/1/608 610/1/610 611/1/611
f 608/1/608 611/1/611 609/1/609
f 612/1/612 614/1/614 615/1/615
f 612/1/612 615/1/615 613/1/613
f 616/1/616 618/1/618 619/1/619
f 616/1/616 619/1/619 617/1/617
f 620/1/620 622/1/622 623/1/623
f 620/1/620 623/1/623 621/1/621
f 624/1/624 626/1/626 627/1/627
f 624/1/624 627/1/627 625/1/625
f 628/1/628 630/1/630 631/1/631
f 628/1/628 631/1/631 629/1/629
f 632/1/632 634/1/634 635/1/635
f 632/1/632 635/1/635 633/1/633
f 636/1/636 638/1/638 639/1/639
f 636/1/636 639/1/639 637/1/637
f 640/1/640 642/1/642 643/1/643
f 640/1/640 643/1/643 641/1/641
f 644/1/644 646/1/646 647/1/647
f 644/1/644 647/1/647 645/1/645
f 648/1/648 650/1/650 651/1/651
f 648/1/648 651/1/651 649/1/649
f 652/1/652 654/1/654 655/1/655
f 652/1/652 655/1/655 653/1/653
f 656/1/656 658/1/658 659/1/659
f 656/1/656 659/1/659 657/1/657
f 660/1/660 662/1/662 663/1/663
f 660/1/660 663/1/663 661/1/661
f 664/1/664 666/1/666 667/1/667
f 664/1/664 667/1/667 665/1/665
f 668/1/668 670/1/670 671/1/671
f 668/1/668 671/1/671 669/1/669
f 672/1/672 674/1/674 675/1/675
f 672/1/672 675/1/675 673/1/673
f 676/1/676 678/1/678 679/1/679
f 676/1/676 679/1/679 677/1/677
f 680/1/680 682/1/682 683/1/683
f 680/1/680 683/1/683 681/1/681
f 684/1/684 686/1/686 687/1/687
f 684/1/684 687/1/687 685/1/685
f 688/1/688 690/1/690 691/1/691
f 688/1/688 691/1/691 689/1/689
f 692/1/692 694/1/694 695/1/695
f 692/1/692 695/1/695 693/1/693
f 696/1/696 698/1/698 699/1/699
f 696/1/696 699/1/699 697/1/697
f 700/1/700 702/1/702 703/1/703
f 700/1/700 703/1/703 701/1/701
f 704/1/704 706/1/706 707/1/707
f 704/1/704 707/1/707 705/1/705
f 708/1/708 710/1/710 711/1/711
f 708/1/708 711/1/711 709/1/709
f 712/1/712 714/1/714 715/1/715
f 712/1/712 715/1/715 713/1/713
f 716/1/716 718/1/718 719/1/719
f 716/1/716 719/1/719 717/1/717
f 720/1/720 722/1/722 723/1/723
f 720/1/720 723/1/723 721/1/721
f 724/1/724 726/1/726 725/1/725
f 727/1/727 729/1/729 728/1/728
f 730/1/730 732/1/732 731/1/731
f 733/1/733 735/1/735 734/1/734
f 736/1/736 738/1/738 737/1/737
f 739/1/739 741/1/741 740/1/740
f 742/1/742 744/1/744 743/1/743
f 745/1/745 747/1/747 746/1/746
f 748/1/748 750/1/750 749/1/749
f 751/1/751 753/1/753 752/1/752
f 754/1/754 756/1/756 755/1/755
f 757/1/757 759/1/759 758/1/758
f 760/1/760 762/1/762 761/1/761
f 763/1/763 765/1/765 764/1/764
f 766/1/766 768/1/768 767/1/767
f 769/1/769 771/1/771 770/1/770
f 772/1/772 773/1/773 774/1/774
f 772/1/772 774/1/774 775/1/775
f 776/1/776 777/1/777 778/1/778
f 776/1/776 778/1/778 779/1/779
f 772/1/772 773/1/773 777/1/777
f 772/1/772 777/1/777 776/1/776
f 774/1/774 775/1/775 779/1/779
f 774/1/774 779/1/779 778/1/778
f 773/1/773 774/1/774 778/1/778
f 773/1/773 778/1/778 777/1/777
f 772/1/772 775/1/775 779/1/779
f 772/1/772 779/1/779 776/1/776
f 829/1/829 830/1/830 831/1/831
f 829/1/829 831/1/831 832/1/832
f 833/1/833 834/1/834 835/1/835
f 833/1/833 835/1/835 836/1/836
f 829/1/829 830/1/830 834/1/834
f 829/1/829 834/1/834 833/1/833
f 831/1/831 832/1/832 836/1/836
f 831/1/831 836/1/836 835/1/835
f 830/1/830 831/1/831 835/1/835
f 830/1/830 835/1/835 834/1/834
f 829/1/829 832/1/832 836/1/836
f 829/1/829 836/1/836 833/1/833
f 837/1/837 838/1/838 839/1/839
f 839/1/839 840/1/840 837/1/837
f 841/1/841 842/1/842 843/1/843
f 843/1/843 844/1/844 841/1/841
f 845/1/845 846/1/846 847/1/847
f 847/1/847 848/1/848 845/1/845
f 849/1/849 850/1/850 851/1/851
f 851/1/851 852/1/852 849/1/849
f 853/1/853 854/1/854 855/1/855
f 855/1/855 856/1/856 853/1/853
f 857/1/857 858/1/858 859/1/859
f 859/1/859 860/1/860 857/1/857
f 861/1/861 862/1/862 863/1/863
f 863/1/863 864/1/864 861/1/861
f 865/1/865 866/1/866 867/1/867
f 867/1/867 868/1/868 865/1/865
f 869/1/869 870/1/870 871/1/871
f 871/1/871 872/1/872 869/1/869
f 873/1/873 874/1/874 875/1/875
f 875/1/875 876/1/876 873/1/873
f 877/1/877 878/1/878 879/1/879
f 877/1/877 880/1/880 881/1/881
f 877/1/877 882/1/882 883/1/883
f 877/1/877 884/1/884 885/1/885
f 877/1/877 886/1/886 887/1/887
f 877/1/877 888/1/888 889/1/889
f 877/1/877 890/1/890 891/1/891
f 877/1/877 892/1/892 893/1/893
f 877/1/877 894/1/894 895/1/895
f 877/1/877 896/1/896 897/1/897
f 898/1/898 899/1/899 900/1/900
f 900/1/900 901/1/901 898/1/898
f 902/1/902 903/1/903 904/1/904
f 904/1/904 905/1/905 902/1/902
f 906/1/906 907/1/907 908/1/908
f 908/1/908 909/1/909 906/1/906
f 910/1/910 911/1/911 912/1/912
f 912/1/912 913/1/913 910/1/910
f 914/1/914 915/1/915 916/1/916
f 916/1/916 917/1/917 914/1/914
f 918/1/918 919/1/919 920/1/920
f 920/1/920 921/1/921 918/1/918
f 922/1/922 923/1/923 924/1/924
f 924/1/924 925/1/925 922/1/922
f 926/1/926 927/1/927 928/1/928
f 928/1/928 929/1/929 926/1/926
f 930/1/930 931/1/931 932/1/932
f 932/1/932 933/1/933 930/1/930
f 934/1/934 935/1/935 936/1/936
f 936/1/936 937/1/937 934/1/934
f 938/1/938 939/1/939 940/1/940
f 938/1/938 941/1/941 942/1/942
f 938/1/938 943/1/943 944/1/944
f 938/1/938 945/1/945 946/1/946
f 938/1/938 947/1/947 948/1/948
f 938/1/938 949/1/949 950/1/950
f 938/1/938 951/1/951 952/1/952
f 938/1/938 953/1/953 954/1/954
f 938/1/938 955/1/955 956/1/956
f 938/1/938 957/1/957 958/1/958
f 959/1/959 960/1/960 961/1/961
f 961/1/961 962/1/962 959/1/959
f 963/1/963 964/1/964 965/1/965
f 965/1/965 966/1/966 963/1/963
f 967/1/967 968/1/968 969/1/969
f 969/1/969 970/1/970 967/1/967
f 971/1/971 972/1/972 973/1/973
f 973/1/973 974/1/974 971/1/971
f 975/1/975 976/1/976 977/1/977
f 977/1/977 978/1/978 975/1/975
f 979/1/979 980/1/980 981/1/981
f 981/1/981 982/1/982 979/1/979
f 983/1/983 984/1/984 985/1/985
f 985/1/985 986/1/986 983/1/983
f 987/1/987 988/1/988 989/1/989
f 989/1/989 990/1/990 987/1/987
f 991/1/991 992/1/992 993/1/993
f 993/1/993 994/1/994 991/1/991
f 995/1/995 996/1/996 997/1/997
f 997/1/997 998/1/998 995/1/995
f 999/1/999 1000/1/1000 1001/1/1001
f 999/1/999 1002/1/1002 1003/1/1003
f 999/1/999 1004/1/1004 1005/1/1005
f 999/1/999 1006/1/1006 1007/1/1007
f 999/1/999 1008/1/1008 1009/1/1009
f 999/1/999 1010/1/1010 1011/1/1011
f 999/1/999 1012/1/1012 1013/1/1013
f 999/1/999 1014/1/1014 1015/1/1015
f 999/1/999 1016/1/1016 1017/1/1017
f 999/1/999 1018/1/1018 1019/1/1019
f 1020/1/1020 1021/1/1021 1022/1/1022
f 1022/1/1022 1023/1/1023 1020/1/1020
f 1024/1/1024 1025/1/1025 1026/1/1026
f 1026/1/1026 1027/1/1027 1024/1/1024
f 1028/1/1028 1029/1/1029 1030/1/1030
f 1030/1/1030 1031/1/1031 1028/1/1028
f 1032/1/1032 1033/1/1033 1034/1/1034
f 1034/1/1034 1035/1/1035 1032/1/1032
f 1036/1/1036 1037/1/1037 1038/1/1038
f 1038/1/1038 1039/1/1039 1036/1/1036
f 1040/1/1040 1041/1/1041 1042/1/1042
f 1042/1/1042 1043/1/1043 1040/1/1040
f 1044/1/1044 1045/1/1045 1046/1/1046
f 1046/1/1046 1047/1/1047 1044/1/1044
f 1048/1/1048 1049/1/1049 1050/1/1050
f 1050/1/1050 1051/1/1051 1048/1/1048
f 1052/1/1052 1053/1/1053 1054/1/1054
f 1054/1/1054 1055/1/1055 1052/1/1052
f 1056/1/1056 1057/1/1057 1058/1/1058
f 1058/1/1058 1059/1/1059 1056/1/1056
f 1060/1/1060 1061/1/1061 1062/1/1062
f 1060/1/1060 1063/1/1063 1064/1/1064
f 1060/1/1060 1065/1/1065 1066/1/1066
f 1060/1/1060 1067/1/1067 1068/1/1068
f 1060/1/1060 1069/1/1069 1070/1/1070
f 1060/1/1060 1071/1/1071 1072/1/1072
f 1060/1/1060 1073/1/1073 1074/1/1074
f 1060/1/1060 1075/1/1075 1076/1/1076
f 1060/1/1060 1077/1/1077 1078/1/1078
f 1060/1/1060 1079/1/1079 1080/1/1080
f 1081/1/1081 1082/1/1082 1083/1/1083
f 1083/1/1083 1084/1/1084 1081/1/1081
f 1085/1/1085 1086/1/1086 1087/1/1087
f 1087/1/1087 1088/1/1088 1085/1/1085
f 1089/1/1089 1090/1/1090 1091/1/1091
f 1091/1/1091 1092/1/1092 1089/1/1089
f 1093/1/1093 1094/1/1094 1095/1/1095
f 1095/1/1095 1096/1/1096 1093/1/1093
f 1097/1/1097 1098/1/1098 1099/1/1099
f 1099/1/1099 1100/1/1100 1097/1/1097
f 1101/1/1101 1102/1/1102 1103/1/1103
f 1103/1/1103 1104/1/1104 1101/1/1101
f 1105/1/1105 1106/1/1106 1107/1/1107
f 1107/1/1107 1108/1/1108 1105/1/1105
f 1109/1/1109 1110/1/1110 1111/1/1111
f 1111/1/1111 1112/1/1112 1109/1/1109
f 1113/1/1113 1114/1/1114 1115/1/1115
f 1113/1/1113 1116/1/1116 1117/1/1117
f 1113/1/1113 1118/1/1118 1119/1/1119
f 1113/1/1113 1120/1/1120 1121/1/1121
f 1113/1/1113 1122/1/1122 1123/1/1123
f 1113/1/1113 1124/1/1124 1125/1/1125
f 1113/1/1113 1126/1/1126 1127/1/1127
f 1113/1/1113 1128/1/1128 1129/1/1129
f 1130/1/1130 1131/1/1131 1132/1/1132
f 1132/1/1132 1133/1/1133 1130/1/1130
f 1134/1/1134 1135/1/1135 1136/1/1136
f 1136/1/1136 1137/1/1137 1134/1/1134
f 1138/1/1138 1139/1/1139 1140/1/1140
f 1140/1/1140 1141/1/1141 1138/1/1138
f 1142/1/1142 1143/1/1143 1144/1/1144
f 1144/1/1144 1145/1/1145 1142/1/1142
f 1146/1/1146 1147/1/1147 1148/1/1148
f 1148/1/1148 1149/1/1149 1146/1/1146
f 1150/1/1150 1151/1/1151 1152/1/1152
f 1152/1/1152 1153/1/1153 1150/1/1150
f 1154/1/1154 1155/1/1155 1156/1/1156
f 1156/1/1156 1157/1/1157 1154/1/1154
f 1158/1/1158 1159/1/1159 1160/1/1160
f 1160/1/1160 1161/1/1161 1158/1/1158
f 1162/1/1162 1163/1/1163 1164/1/1164
f 1162/1/1162 1165/1/1165 1166/1/1166
f 1162/1/1162 1167/1/1167 1168/1/1168
f 1162/1/1162 1169/1/1169 1170/1/1170
f 1162/1/1162 1171/1/1171 1172/1/1172
f 1162/1/1162 1173/1/1173 1174/1/1174
f 1162/1/1162 1175/1/1175 1176/1/1176
f 1162/1/1162 1177/1/1177 1178/1/1178
usemtl english_knight_white_plume
f 780/1/780 781/1/781 782/1/782
f 782/1/782 783/1/783 780/1/780
f 784/1/784 785/1/785 786/1/786
f 786/1/786 787/1/787 784/1/784
f 788/1/788 789/1/789 790/1/790
f 790/1/790 791/1/791 788/1/788
f 792/1/792 793/1/793 794/1/794
f 794/1/794 795/1/795 792/1/792
f 796/1/796 797/1/797 798/1/798
f 798/1/798 799/1/799 796/1/796
f 800/1/800 801/1/801 802/1/802
f 802/1/802 803/1/803 800/1/800
f 804/1/804 805/1/805 806/1/806
f 806/1/806 807/1/807 804/1/804
f 808/1/808 809/1/809 810/1/810
f 810/1/810 811/1/811 808/1/808
f 812/1/812 813/1/813 814/1/814
f 812/1/812 815/1/815 816/1/816
f 812/1/812 817/1/817 818/1/818
f 812/1/812 819/1/819 820/1/820
f 812/1/812 821/1/821 822/1/822
f 812/1/812 823/1/823 824/1/824
f 812/1/812 825/1/825 826/1/826
f 812/1/812 827/1/827 828/1/828

g english_knight_black
usemtl english_knight_black
f 1179/1/1 1180/1/2 1181/1/3
f 1181/1/3 1182/1/4 1179/1/1
f 1183/1/5 1184/1/6 1185/1/7
f 1185/1/7 1186/1/8 1183/1/5
f 1187/1/9 1188/1/10 1189/1/11
f 1189/1/11 1190/1/12 1187/1/9
f 1191/1/13 1192/1/14 1193/1/15
f 1193/1/15 1194/1/16 1191/1/13
f 1195/1/17 1196/1/18 1197/1/19
f 1197/1/19 1198/1/20 1195/1/17
f 1199/1/21 1200/1/22 1201/1/23
f 1201/1/23 1202/1/24 1199/1/21
f 1203/1/25 1204/1/26 1205/1/27
f 1205/1/27 1206/1/28 1203/1/25
f 1207/1/29 1208/1/30 1209/1/31
f 1209/1/31 1210/1/32 1207/1/29
f 1211/1/33 1212/1/34 1213/1/35
f 1213/1/35 1214/1/36 1211/1/33
f 1215/1/37 1216/1/38 1217/1/39
f 1217/1/39 1218/1/40 1215/1/37
f 1219/1/41 1220/1/42 1221/1/43
f 1221/1/43 1222/1/44 1219/1/41
f 1223/1/45 1224/1/46 1225/1/47
f 1225/1/47 1226/1/48 1223/1/45
f 1227/1/49 1228/1/50 1229/1/51
f 1229/1/51 1230/1/52 1227/1/49
f 1231/1/53 1232/1/54 1233/1/55
f 1233/1/55 1234/1/56 1231/1/53
f 1235/1/57 1236/1/58 1237/1/59
f 1237/1/59 1238/1/60 1235/1/57
f 1239/1/61 1240/1/62 1241/1/63
f 1241/1/63 1242/1/64 1239/1/61
f 1243/1/65 1244/1/66 1245/1/67
f 1243/1/65 1246/1/68 1247/1/69
f 1243/1/65 1248/1/70 1249/1/71
f 1243/1/65 1250/1/72 1251/1/73
f 1243/1/65 1252/1/74 1253/1/75
f 1243/1/65 1254/1/76 1255/1/77
f 1243/1/65 1256/1/78 1257/1/79
f 1243/1/65 1258/1/80 1259/1/81
f 1243/1/65 1260/1/82 1261/1/83
f 1243/1/65 1262/1/84 1263/1/85
f 1243/1/65 1264/1/86 1265/1/87
f 1243/1/65 1266/1/88 1267/1/89
f 1243/1/65 1268/1/90 1269/1/91
f 1243/1/65 1270/1/92 1271/1/93
f 1243/1/65 1272/1/94 1273/1/95
f 1243/1/65 1274/1/96 1275/1/97
f 1276/1/98 1277/1/99 1278/1/100
f 1278/1/100 1279/1/101 1276/1/98
f 1280/1/102 1281/1/103 1282/1/104
f 1282/1/104 1283/1/105 1280/1/102
f 1284/1/106 1285/1/107 1286/1/108
f 1286/1/108 1287/1/109 1284/1/106
f 1288/1/110 1289/1/111 1290/1/112
f 1290/1/112 1291/1/113 1288/1/110
f 1292/1/114 1293/1/115 1294/1/116
f 1294/1/116 1295/1/117 1292/1/114
f 1296/1/118 1297/1/119 1298/1/120
f 1298/1/120 1299/1/121 1296/1/118
f 1300/1/122 1301/1/123 1302/1/124
f 1302/1/124 1303/1/125 1300/1/122
f 1304/1/126 1305/1/127 1306/1/128
f 1306/1/128 1307/1/129 1304/1/126
f 1308/1/130 1309/1/131 1310/1/132
f 1310/1/132 1311/1/133 1308/1/130
f 1312/1/134 1313/1/135 1314/1/136
f 1314/1/136 1315/1/137 1312/1/134
f 1316/1/138 1317/1/139 1318/1/140
f 1318/1/140 1319/1/141 1316/1/138
f 1320/1/142 1321/1/143 1322/1/144
f 1322/1/144 1323/1/145 1320/1/142
f 1324/1/146 1325/1/147 1326/1/148
f 1326/1/148 1327/1/149 1324/1/146
f 1328/1/150 1329/1/151 1330/1/152
f 1330/1/152 1331/1/153 1328/1/150
f 1332/1/154 1333/1/155 1334/1/156
f 1334/1/156 1335/1/157 1332/1/154
f 1336/1/158 1337/1/159 1338/1/160
f 1338/1/160 1339/1/161 1336/1/158
f 1340/1/162 1341/1/163 1342/1/164
f 1340/1/162 1343/1/165 1344/1/166
f 1340/1/162 1345/1/167 1346/1/168
f 1340/1/162 1347/1/169 1348/1/170
f 1340/1/162 1349/1/171 1350/1/172
f 1340/1/162 1351/1/173 1352/1/174
f 1340/1/162 1353/1/175 1354/1/176
f 1340/1/162 1355/1/177 1356/1/178
f 1340/1/162 1357/1/179 1358/1/180
f 1340/1/162 1359/1/181 1360/1/182
f 1340/1/162 1361/1/183 1362/1/184
f 1340/1/162 1363/1/185 1364/1/186
f 1340/1/162 1365/1/187 1366/1/188
f 1340/1/162 1367/1/189 1368/1/190
f 1340/1/162 1369/1/191 1370/1/192
f 1340/1/162 1371/1/193 1372/1/194
f 1373/1/195 1374/1/196 1375/1/197
f 1375/1/197 1376/1/198 1373/1/195
f 1377/1/199 1378/1/200 1379/1/201
f 1379/1/201 1380/1/202 1377/1/199
f 1381/1/203 1382/1/204 1383/1/205
f 1383/1/205 1384/1/206 1381/1/203
f 1385/1/207 1386/1/208 1387/1/209
f 1387/1/209 1388/1/210 1385/1/207
f 1389/1/211 1390/1/212 1391/1/213
f 1391/1/213 1392/1/214 1389/1/211
f 1393/1/215 1394/1/216 1395/1/217
f 1395/1/217 1396/1/218 1393/1/215
f 1397/1/219 1398/1/220 1399/1/221
f 1399/1/221 1400/1/222 1397/1/219
f 1401/1/223 1402/1/224 1403/1/225
f 1403/1/225 1404/1/226 1401/1/223
f 1405/1/227 1406/1/228 1407/1/229
f 1407/1/229 1408/1/230 1405/1/227
f 1409/1/231 1410/1/232 1411/1/233
f 1411/1/233 1412/1/234 1409/1/231
f 1413/1/235 1414/1/236 1415/1/237
f 1415/1/237 1416/1/238 1413/1/235
f 1417/1/239 1418/1/240 1419/1/241
f 1419/1/241 1420/1/242 1417/1/239
f 1421/1/243 1422/1/244 1423/1/245
f 1423/1/245 1424/1/246 1421/1/243
f 1425/1/247 1426/1/248 1427/1/249
f 1427/1/249 1428/1/250 1425/1/247
f 1429/1/251 1430/1/252 1431/1/253
f 1431/1/253 1432/1/254 1429/1/251
f 1433/1/255 1434/1/256 1435/1/257
f 1435/1/257 1436/1/258 1433/1/255
f 1437/1/259 1438/1/260 1439/1/261
f 1437/1/259 1440/1/262 1441/1/263
f 1437/1/259 1442/1/264 1443/1/265
f 1437/1/259 1444/1/266 1445/1/267
f 1437/1/259 1446/1/268 1447/1/269
f 1437/1/259 1448/1/270 1449/1/271
f 1437/1/259 1450/1/272 1451/1/273
f 1437/1/259 1452/1/274 1453/1/275
f 1437/1/259 1454/1/276 1455/1/277
f 1437/1/259 1456/1/278 1457/1/279
f 1437/1/259 1458/1/280 1459/1/281
f 1437/1/259 1460/1/282 1461/1/283
f 1437/1/259 1462/1/284 1463/1/285
f 1437/1/259 1464/1/286 1465/1/287
f 1437/1/259 1466/1/288 1467/1/289
f 1437/1/259 1468/1/290 1469/1/291
f 1470/1/292 1471/1/293 1472/1/294
f 1473/1/295 1474/1/296 1475/1/297
f 1476/1/298 1477/1/299 1478/1/300
f 1479/1/301 1480/1/302 1481/1/303
f 1482/1/304 1483/1/305 1484/1/306
f 1485/1/307 1486/1/308 1487/1/309
f 1488/1/310 1489/1/311 1490/1/312
f 1491/1/313 1492/1/314 1493/1/315
f 1494/1/316 1495/1/317 1496/1/318
f 1497/1/319 1498/1/320 1499/1/321
f 1500/1/322 1501/1/323 1502/1/324
f 1503/1/325 1504/1/326 1505/1/327
f 1506/1/328 1507/1/329 1508/1/330
f 1509/1/331 1510/1/332 1511/1/333
f 1512/1/334 1513/1/335 1514/1/336
f 1515/1/337 1516/1/338 1517/1/339
f 1518/1/340 1520/1/342 1521/1/343
f 1518/1/340 1521/1/343 1519/1/341
f 1522/1/344 1524/1/346 1525/1/347
f 1522/1/344 1525/1/347 1523/1/345
f 1526/1/348 1528/1/350 1529/1/351
f 1526/1/348 1529/1/351 1527/1/349
f 1530/1/352 1532/1/354 1533/1/355
f 1530/1/352 1533/1/355 1531/1/353
f 1534/1/356 1536/1/358 1537/1/359
f 1534/1/356 1537/1/359 1535/1/357
f 1538/1/360 1540/1/362 1541/1/363
f 1538/1/360 1541/1/363 1539/1/361
f 1542/1/364 1544/1/366 1545/1/367
f 1542/1/364 1545/1/367 1543/1/365
f 1546/1/368 1548/1/370 1549/1/371
f 1546/1/368 1549/1/371 1547/1/369
f 1550/1/372 1552/1/374 1553/1/375
f 1550/1/372 1553/1/375 1551/1/373
f 1554/1/376 1556/1/378 1557/1/379
f 1554/1/376 1557/1/379 1555/1/377
f 1558/1/380 1560/1/382 1561/1/383
f 1558/1/380 1561/1/383 1559/1/381
f 1562/1/384 1564/1/386 1565/1/387
f 1562/1/384 1565/1/387 1563/1/385
f 1566/1/388 1568/1/390 1569/1/391
f 1566/1/388 1569/1/391 1567/1/389
f 1570/1/392 1572/1/394 1573/1/395
f 1570/1/392 1573/1/395 1571/1/393
f 1574/1/396 1576/1/398 1577/1/399
f 1574/1/396 1577/1/399 1575/1/397
f 1578/1/400 1580/1/402 1581/1/403
f 1578/1/400 1581/1/403 1579/1/401
f 1582/1/404 1584/1/406 1585/1/407
f 1582/1/404 1585/1/407 1583/1/405
f 1586/1/408 1588/1/410 1589/1/411
f 1586/1/408 1589/1/411 1587/1/409
f 1590/1/412 1592/1/414 1593/1/415
f 1590/1/412 1593/1/415 1591/1/413
f 1594/1/416 1596/1/418 1597/1/419
f 1594/1/416 1597/1/419 1595/1/417
f 1598/1/420 1600/1/422 1601/1/423
f 1598/1/420 1601/1/423 1599/1/421
f 1602/1/424 1604/1/426 1605/1/427
f 1602/1/424 1605/1/427 1603/1/425
f 1606/1/428 1608/1/430 1609/1/431
f 1606/1/428 1609/1/431 1607/1/429
f 1610/1/432 1612/1/434 1613/1/435
f 1610/1/432 1613/1/435 1611/1/433
f 1614/1/436 1616/1/438 1617/1/439
f 1614/1/436 1617/1/439 1615/1/437
f 1618/1/440 1620/1/442 1621/1/443
f 1618/1/440 1621/1/443 1619/1/441
f 1622/1/444 1624/1/446 1625/1/447
f 1622/1/444 1625/1/447 1623/1/445
f 1626/1/448 1628/1/450 1629/1/451
f 1626/1/448 1629/1/451 1627/1/449
f 1630/1/452 1632/1/454 1633/1/455
f 1630/1/452 1633/1/455 1631/1/453
f 1634/1/456 1636/1/458 1637/1/459
f 1634/1/456 1637/1/459 1635/1/457
f 1638/1/460 1640/1/462 1641/1/463
f 1638/1/460 1641/1/463 1639/1/461
f 1642/1/464 1644/1/466 1645/1/467
f 1642/1/464 1645/1/467 1643/1/465
f 1646/1/468 1648/1/470 1649/1/471
f 1646/1/468 1649/1/471 1647/1/469
f 1650/1/472 1652/1/474 1653/1/475
f 1650/1/472 1653/1/475 1651/1/473
f 1654/1/476 1656/1/478 1657/1/479
f 1654/1/476 1657/1/479 1655/1/477
f 1658/1/480 1660/1/482 1661/1/483
f 1658/1/480 1661/1/483 1659/1/481
f 1662/1/484 1664/1/486 1665/1/487
f 1662/1/484 1665/1/487 1663/1/485
f 1666/1/488 1668/1/490 1669/1/491
f 1666/1/488 1669/1/491 1667/1/489
f 1670/1/492 1672/1/494 1673/1/495
f 1670/1/492 1673/1/495 1671/1/493
f 1674/1/496 1676/1/498 1677/1/499
f 1674/1/496 1677/1/499 1675/1/497
f 1678/1/500 1680/1/502 1681/1/503
f 1678/1/500 1681/1/503 1679/1/501
f 1682/1/504 1684/1/506 1685/1/507
f 1682/1/504 1685/1/507 1683/1/505
f 1686/1/508 1688/1/510 1689/1/511
f 1686/1/508 1689/1/511 1687/1/509
f 1690/1/512 1692/1/514 1693/1/515
f 1690/1/512 1693/1/515 1691/1/513
f 1694/1/516 1696/1/518 1697/1/519
f 1694/1/516 1697/1/519 1695/1/517
f 1698/1/520 1700/1/522 1701/1/523
f 1698/1/520 1701/1/523 1699/1/521
f 1702/1/524 1704/1/526 1705/1/527
f 1702/1/524 1705/1/527 1703/1/525
f 1706/1/528 1708/1/530 1709/1/531
f 1706/1/528 1709/1/531 1707/1/529
f 1710/1/532 1712/1/534 1713/1/535
f 1710/1/532 1713/1/535 1711/1/533
f 1714/1/536 1716/1/538 1717/1/539
f 1714/1/536 1717/1/539 1715/1/537
f 1718/1/540 1720/1/542 1721/1/543
f 1718/1/540 1721/1/543 1719/1/541
f 1722/1/544 1724/1/546 1725/1/547
f 1722/1/544 1725/1/547 1723/1/545
f 1726/1/548 1728/1/550 1729/1/551
f 1726/1/548 1729/1/551 1727/1/549
f 1730/1/552 1732/1/554 1733/1/555
f 1730/1/552 1733/1/555 1731/1/553
f 1734/1/556 1736/1/558 1737/1/559
f 1734/1/556 1737/1/559 1735/1/557
f 1738/1/560 1740/1/562 1741/1/563
f 1738/1/560 1741/1/563 1739/1/561
f 1742/1/564 1744/1/566 1745/1/567
f 1742/1/564 1745/1/567 1743/1/565
f 1746/1/568 1748/1/570 1749/1/571
f 1746/1/568 1749/1/571 1747/1/569
f 1750/1/572 1752/1/574 1753/1/575
f 1750/1/572 1753/1/575 1751/1/573
f 1754/1/576 1756/1/578 1757/1/579
f 1754/1/576 1757/1/579 1755/1/577
f 1758/1/580 1760/1/582 1761/1/583
f 1758/1/580 1761/1/583 1759/1/581
f 1762/1/584 1764/1/586 1765/1/587
f 1762/1/584 1765/1/587 1763/1/585
f 1766/1/588 1768/1/590 1769/1/591
f 1766/1/588 1769/1/591 1767/1/589
f 1770/1/592 1772/1/594 1773/1/595
f 1770/1/592 1773/1/595 1771/1/593
f 1774/1/596 1776/1/598 1777/1/599
f 1774/1/596 1777/1/599 1775/1/597
f 1778/1/600 1780/1/602 1781/1/603
f 1778/1/600 1781/1/603 1779/1/601
f 1782/1/604 1784/1/606 1785/1/607
f 1782/1/604 1785/1/607 1783/1/605
f 1786/1/608 1788/1/610 1789/1/611
f 1786/1/608 1789/1/611 1787/1/609
f 1790/1/612 1792/1/614 1793/1/615
f 1790/1/612 1793/1/615 1791/1/613
f 1794/1/616 1796/1/618 1797/1/619
f 1794/1/616 1797/1/619 1795/1/617
f 1798/1/620 1800/1/622 1801/1/623
f 1798/1/620 1801/1/623 1799/1/621
f 1802/1/624 1804/1/626 1805/1/627
f 1802/1/624 1805/1/627 1803/1/625
f 1806/1/628 1808/1/630 1809/1/631
f 1806/1/628 1809/1/631 1807/1/629
f 1810/1/632 1812/1/634 1813/1/635
f 1810/1/632 1813/1/635 1811/1/633
f 1814/1/636 1816/1/638 1817/1/639
f 1814/1/636 1817/1/639 1815/1/637
f 1818/1/640 1820/1/642 1821/1/643
f 1818/1/640 1821/1/643 1819/1/641
f 1822/1/644 1824/1/646 1825/1/647
f 1822/1/644 1825/1/647 1823/1/645
f 1826/1/648 1828/1/650 1829/1/651
f 1826/1/648 1829/1/651 1827/1/649
f 1830/1/652 1832/1/654 1833/1/655
f 1830/1/652 1833/1/655 1831/1/653
f 1834/1/656 1836/1/658 1837/1/659
f 1834/1/656 1837/1/659 1835/1/657
f 1838/1/660 1840/1/662 1841/1/663
f 1838/1/660 1841/1/663 1839/1/661
f 1842/1/664 1844/1/666 1845/1/667
f 1842/1/664 1845/1/667 1843/1/665
f 1846/1/668 1848/1/670 1849/1/671
f 1846/1/668 1849/1/671 1847/1/669
f 1850/1/672 1852/1/674 1853/1/675
f 1850/1/672 1853/1/675 1851/1/673
f 1854/1/676 1856/1/678 1857/1/679
f 1854/1/676 1857/1/679 1855/1/677
f 1858/1/680 1860/1/682 1861/1/683
f 1858/1/680 1861/1/683 1859/1/681
f 1862/1/684 1864/1/686 1865/1/687
f 1862/1/684 1865/1/687 1863/1/685
f 1866/1/688 1868/1/690 1869/1/691
f 1866/1/688 1869/1/691 1867/1/689
f 1870/1/692 1872/1/694 1873/1/695
f 1870/1/692 1873/1/695 1871/1/693
f 1874/1/696 1876/1/698 1877/1/699
f 1874/1/696 1877/1/699 1875/1/697
f 1878/1/700 1880/1/702 1881/1/703
f 1878/1/700 1881/1/703 1879/1/701
f 1882/1/704 1884/1/706 1885/1/707
f 1882/1/704 1885/1/707 1883/1/705
f 1886/1/708 1888/1/710 1889/1/711
f 1886/1/708 1889/1/711 1887/1/709
f 1890/1/712 1892/1/714 1893/1/715
f 1890/1/712 1893/1/715 1891/1/713
f 1894/1/716 1896/1/718 1897/1/719
f 1894/1/716 1897/1/719 1895/1/717
f 1898/1/720 1900/1/722 1901/1/723
f 1898/1/720 1901/1/723 1899/1/721
f 1902/1/724 1904/1/726 1903/1/725
f 1905/1/727 1907/1/729 1906/1/728
f 1908/1/730 1910/1/732 1909/1/731
f 1911/1/733 1913/1/735 1912/1/734
f 1914/1/736 1916/1/738 1915/1/737
f 1917/1/739 1919/1/741 1918/1/740
f 1920/1/742 1922/1/744 1921/1/743
f 1923/1/745 1925/1/747 1924/1/746
f 1926/1/748 1928/1/750 1927/1/749
f 1929/1/751 1931/1/753 1930/1/752
f 1932/1/754 1934/1/756 1933/1/755
f 1935/1/757 1937/1/759 1936/1/758
f 1938/1/760 1940/1/762 1939/1/761
f 1941/1/763 1943/1/765 1942/1/764
f 1944/1/766 1946/1/768 1945/1/767
f 1947/1/769 1949/1/771 1948/1/770
f 1950/1/772 1951/1/773 1952/1/774
f 1950/1/772 1952/1/774 1953/1/775
f 1954/1/776 1955/1/777 1956/1/778
f 1954/1/776 1956/1/778 1957/1/779
f 1950/1/772 1951/1/773 1955/1/777
f 1950/1/772 1955/1/777 1954/1/776
f 1952/1/774 1953/1/775 1957/1/779
f 1952/1/774 1957/1/779 1956/1/778
f 1951/1/773 1952/1/774 1956/1/778
f 1951/1/773 1956/1/778 1955/1/777
f 1950/1/772 1953/1/775 1957/1/779
f 1950/1/772 1957/1/779 1954/1/776
f 2007/1/829 2008/1/830 2009/1/831
f 2007/1/829 2009/1/831 2010/1/832
f 2011/1/833 2012/1/834 2013/1/835
f 2011/1/833 2013/1/835 2014/1/836
f 2007/1/829 2008/1/830 2012/1/834
f 2007/1/829 2012/1/834 2011/1/833
f 2009/1/831 2010/1/832 2014/1/836
f 2009/1/831 2014/1/836 2013/1/835
f 2008/1/830 2009/1/831 2013/1/835
f 2008/1/830 2013/1/835 2012/1/834
f 2007/1/829 2010/1/832 2014/1/836
f 2007/1/829 2014/1/836 2011/1/833
f 2015/1/837 2016/1/838 2017/1/839
f 2017/1/839 2018/1/840 2015/1/837
f 2019/1/841 2020/1/842 2021/1/843
f 2021/1/843 2022/1/844 2019/1/841
f 2023/1/845 2024/1/846 2025/1/847
f 2025/1/847 2026/1/848 2023/1/845
f 2027/1/849 2028/1/850 2029/1/851
f 2029/1/851 2030/1/852 2027/1/849
f 2031/1/853 2032/1/854 2033/1/855
f 2033/1/855 2034/1/856 2031/1/853
f 2035/1/857 2036/1/858 2037/1/859
f 2037/1/859 2038/1/860 2035/1/857
f 2039/1/861 2040/1/862 2041/1/863
f 2041/1/863 2042/1/864 2039/1/861
f 2043/1/865 2044/1/866 2045/1/867
f 2045/1/867 2046/1/868 2043/1/865
f 2047/1/869 2048/1/870 2049/1/871
f 2049/1/871 2050/1/872 2047/1/869
f 2051/1/873 2052/1/874 2053/1/875
f 2053/1/875 2054/1/876 2051/1/873
f 2055/1/877 2056/1/878 2057/1/879
f 2055/1/877 2058/1/880 2059/1/881
f 2055/1/877 2060/1/882 2061/1/883
f 2055/1/877 2062/1/884 2063/1/885
f 2055/1/877 2064/1/886 2065/1/887
f 2055/1/877 2066/1/888 2067/1/889
f 2055/1/877 2068/1/890 2069/1/891
f 2055/1/877 2070/1/892 2071/1/893
f 2055/1/877 2072/1/894 2073/1/895
f 2055/1/877 2074/1/896 2075/1/897
f 2076/1/898 2077/1/899 2078/1/900
f 2078/1/900 2079/1/901 2076/1/898
f 2080/1/902 2081/1/903 2082/1/904
f 2082/1/904 2083/1/905 2080/1/902
f 2084/1/906 2085/1/907 2086/1/908
f 2086/1/908 2087/1/909 2084/1/906
f 2088/1/910 2089/1/911 2090/1/912
f 2090/1/912 2091/1/913 2088/1/910
f 2092/1/914 2093/1/915 2094/1/916
f 2094/1/916 2095/1/917 2092/1/914
f 2096/1/918 2097/1/919 2098/1/920
f 2098/1/920 2099/1/921 2096/1/918
f 2100/1/922 2101/1/923 2102/1/924
f 2102/1/924 2103/1/925 2100/1/922
f 2104/1/926 2105/1/927 2106/1/928
f 2106/1/928 2107/1/929 2104/1/926
f 2108/1/930 2109/1/931 2110/1/932
f 2110/1/932 2111/1/933 2108/1/930
f 2112/1/934 2113/1/935 2114/1/936
f 2114/1/936 2115/1/937 2112/1/934
f 2116/1/938 2117/1/939 2118/1/940
f 2116/1/938 2119/1/941 2120/1/942
f 2116/1/938 2121/1/943 2122/1/944
f 2116/1/938 2123/1/945 2124/1/946
f 2116/1/938 2125/1/947 2126/1/948
f 2116/1/938 2127/1/949 2128/1/950
f 2116/1/938 2129/1/951 2130/1/952
f 2116/1/938 2131/1/953 2132/1/954
f 2116/1/938 2133/1/955 2134/1/956
f 2116/1/938 2135/1/957 2136/1/958
f 2137/1/959 2138/1/960 2139/1/961
f 2139/1/961 2140/1/962 2137/1/959
f 2141/1/963 2142/1/964 2143/1/965
f 2143/1/965 2144/1/966 2141/1/963
f 2145/1/967 2146/1/968 2147/1/969
f 2147/1/969 2148/1/970 2145/1/967
f 2149/1/971 2150/1/972 2151/1/973
f 2151/1/973 2152/1/974 2149/1/971
f 2153/1/975 2154/1/976 2155/1/977
f 2155/1/977 2156/1/978 2153/1/975
f 2157/1/979 2158/1/980 2159/1/981
f 2159/1/981 2160/1/982 2157/1/979
f 2161/1/983 2162/1/984 2163/1/985
f 2163/1/985 2164/1/986 2161/1/983
f 2165/1/987 2166/1/988 2167/1/989
f 2167/1/989 2168/1/990 2165/1/987
f 2169/1/991 2170/1/992 2171/1/993
f 2171/1/993 2172/1/994 2169/1/991
f 2173/1/995 2174/1/996 2175/1/997
f 2175/1/997 2176/1/998 2173/1/995
f 2177/1/999 2178/1/1000 2179/1/1001
f 2177/1/999 2180/1/1002 2181/1/1003
f 2177/1/999 2182/1/1004 2183/1/1005
f 2177/1/999 2184/1/1006 2185/1/1007
f 2177/1/999 2186/1/1008 2187/1/1009
f 2177/1/999 2188/1/1010 2189/1/1011
f 2177/1/999 2190/1/1012 2191/1/1013
f 2177/1/999 2192/1/1014 2193/1/1015
f 2177/1/999 2194/1/1016 2195/1/1017
f 2177/1/999 2196/1/1018 2197/1/1019
f 2198/1/1020 2199/1/1021 2200/1/1022
f 2200/1/1022 2201/1/1023 2198/1/1020
f 2202/1/1024 2203/1/1025 2204/1/1026
f 2204/1/1026 2205/1/1027 2202/1/1024
f 2206/1/1028 2207/1/1029 2208/1/1030
f 2208/1/1030 2209/1/1031 2206/1/1028
f 2210/1/1032 2211/1/1033 2212/1/1034
f 2212/1/1034 2213/1/1035 2210/1/1032
f 2214/1/1036 2215/1/1037 2216/1/1038
f 2216/1/1038 2217/1/1039 2214/1/1036
f 2218/1/1040 2219/1/1041 2220/1/1042
f 2220/1/1042 2221/1/1043 2218/1/1040
f 2222/1/1044 2223/1/1045 2224/1/1046
f 2224/1/1046 2225/1/1047 2222/1/1044
f 2226/1/1048 2227/1/1049 2228/1/1050
f 2228/1/1050 2229/1/1051 2226/1/1048
f 2230/1/1052 2231/1/1053 2232/1/1054
f 2232/1/1054 2233/1/1055 2230/1/1052
f 2234/1/1056 2235/1/1057 2236/1/1058
f 2236/1/1058 2237/1/1059 2234/1/1056
f 2238/1/1060 2239/1/1061 2240/1/1062
f 2238/1/1060 2241/1/1063 2242/1/1064
f 2238/1/1060 2243/1/1065 2244/1/1066
f 2238/1/1060 2245/1/1067 2246/1/1068
f 2238/1/1060 2247/1/1069 2248/1/1070
f 2238/1/1060 2249/1/1071 2250/1/1072
f 2238/1/1060 2251/1/1073 2252/1/1074
f 2238/1/1060 2253/1/1075 2254/1/1076
f 2238/1/1060 2255/1/1077 2256/1/1078
f 2238/1/1060 2257/1/1079 2258/1/1080
f 2259/1/1081 2260/1/1082 2261/1/1083
f 2261/1/1083 2262/1/1084 2259/1/1081
f 2263/1/1085 2264/1/1086 2265/1/1087
f 2265/1/1087 2266/1/1088 2263/1/1085
f 2267/1/1089 2268/1/1090 2269/1/1091
f 2269/1/1091 2270/1/1092 2267/1/1089
f 2271/1/1093 2272/1/1094 2273/1/1095
f 2273/1/1095 2274/1/1096 2271/1/1093
f 2275/1/1097 2276/1/1098 2277/1/1099
f 2277/1/1099 2278/1/1100 2275/1/1097
f 2279/1/1101 2280/1/1102 2281/1/1103
f 2281/1/1103 2282/1/1104 2279/1/1101
f 2283/1/1105 2284/1/1106 2285/1/1107
f 2285/1/1107 2286/1/1108 2283/1/1105
f 2287/1/1109 2288/1/1110 2289/1/1111
f 2289/1/1111 2290/1/1112 2287/1/1109
f 2291/1/1113 2292/1/1114 2293/1/1115
f 2291/1/1113 2294/1/1116 2295/1/1117
f 2291/1/1113 2296/1/1118 2297/1/1119
f 2291/1/1113 2298/1/1120 2299/1/1121
f 2291/1/1113 2300/1/1122 2301/1/1123
f 2291/1/1113 2302/1/1124 2303/1/1125
f 2291/1/1113 2304/1/1126 2305/1/1127
f 2291/1/1113 2306/1/1128 2307/1/1129
f 2308/1/1130 2309/1/1131 2310/1/1132
f 2310/1/1132 2311/1/1133 2308/1/1130
f 2312/1/1134 2313/1/1135 2314/1/1136
f 2314/1/1136 2315/1/1137 2312/1/1134
f 2316/1/1138 2317/1/1139 2318/1/1140
f 2318/1/1140 2319/1/1141 2316/1/1138
f 2320/1/1142 2321/1/1143 2322/1/1144
f 2322/1/1144 2323/1/1145 2320/1/1142
f 2324/1/1146 2325/1/1147 2326/1/1148
f 2326/1/1148 2327/1/1149 2324/1/1146
f 2328/1/1150 2329/1/1151 2330/1/1152
f 2330/1/1152 2331/1/1153 2328/1/1150
f 2332/1/1154 2333/1/1155 2334/1/1156
f 2334/1/1156 2335/1/1157 2332/1/1154
f 2336/1/1158 2337/1/1159 2338/1/1160
f 2338/1/1160 2339/1/1161 2336/1/1158
f 2340/1/1162 2341/1/1163 2342/1/1164
f 2340/1/1162 2343/1/1165 2344/1/1166
f 2340/1/1162 2345/1/1167 2346/1/1168
f 2340/1/1162 2347/1/1169 2348/1/1170
f 2340/1/1162 2349/1/1171 2350/1/1172
f 2340/1/1162 2351/1/1173 2352/1/1174
f 2340/1/1162 2353/1/1175 2354/1/1176
f 2340/1/1162 2355/1/1177 2356/1/1178
usemtl english_knight_black_plume
f 1958/1/780 1959/1/781 1960/1/782
f 1960/1/782 1961/1/783 1958/1/780
f 1962/1/784 1963/1/785 1964/1/786
f 1964/1/786 1965/1/787 1962/1/784
f 1966/1/788 1967/1/789 1968/1/790
f 1968/1/790 1969/1/791 1966/1/788
f 1970/1/792 1971/1/793 1972/1/794
f 1972/1/794 1973/1/795 1970/1/792
f 1974/1/796 1975/1/797 1976/1/798
f 1976/1/798 1977/1/799 1974/1/796
f 1978/1/800 1979/1/801 1980/1/802
f 1980/1/802 1981/1/803 1978/1/800
f 1982/1/804 1983/1/805 1984/1/806
f 1984/1/806 1985/1/807 1982/1/804
f 1986/1/808 1987/1/809 1988/1/810
f 1988/1/810 1989/1/811 1986/1/808
f 1990/1/812 1991/1/813 1992/1/814
f 1990/1/812 1993/1/815 1994/1/816
f 1990/1/812 1995/1/817 1996/1/818
f 1990/1/812 1997/1/819 1998/1/820
f 1990/1/812 1999/1/821 2000/1/822
f 1990/1/812 2001/1/823 2002/1/824
f 1990/1/812 2003/1/825 2004/1/826
f 1990/1/812 2005/1/827 2006/1/828
