# Knight model for Tabletop Simulator: english_black_knight
mtllib english_black_knight.mtl
o english_black_knight
usemtl english_black_knight
v 0.16000 0.00000 0.00000
v 0.14782 0.00000 0.06123
v 0.14782 0.12000 0.06123
v 0.16000 0.12000 0.00000
v 0.00000 0.12000 0.00000
v 0.16000 0.12000 0.00000
v 0.14782 0.12000 0.06123
v 0.14782 0.00000 0.06123
v 0.11314 0.00000 0.11314
v 0.11314 0.12000 0.11314
v 0.14782 0.12000 0.06123
v 0.00000 0.12000 0.00000
v 0.14782 0.12000 0.06123
v 0.11314 0.12000 0.11314
v 0.11314 0.00000 0.11314
v 0.06123 0.00000 0.14782
v 0.06123 0.12000 0.14782
v 0.11314 0.12000 0.11314
v 0.00000 0.12000 0.00000
v 0.11314 0.12000 0.11314
v 0.06123 0.12000 0.14782
v 0.06123 0.00000 0.14782
v 0.00000 0.00000 0.16000
v 0.00000 0.12000 0.16000
v 0.06123 0.12000 0.14782
v 0.00000 0.12000 0.00000
v 0.06123 0.12000 0.14782
v 0.00000 0.12000 0.16000
v 0.00000 0.00000 0.16000
v -0.06123 0.00000 0.14782
v -0.06123 0.12000 0.14782
v 0.00000 0.12000 0.16000
v 0.00000 0.12000 0.00000
v 0.00000 0.12000 0.16000
v -0.06123 0.12000 0.14782
v -0.06123 0.00000 0.14782
v -0.11314 0.00000 0.11314
v -0.11314 0.12000 0.11314
v -0.06123 0.12000 0.14782
v 0.00000 0.12000 0.00000
v -0.06123 0.12000 0.14782
v -0.11314 0.12000 0.11314
v -0.11314 0.00000 0.11314
v -0.14782 0.00000 0.06123
v -0.14782 0.12000 0.06123
v -0.11314 0.12000 0.11314
v 0.00000 0.12000 0.00000
v -0.11314 0.12000 0.11314
v -0.14782 0.12000 0.06123
v -0.14782 0.00000 0.06123
v -0.16000 0.00000 0.00000
v -0.16000 0.12000 0.00000
v -0.14782 0.12000 0.06123
v 0.00000 0.12000 0.00000
v -0.14782 0.12000 0.06123
v -0.16000 0.12000 0.00000
v -0.16000 0.00000 0.00000
v -0.14782 0.00000 -0.06123
v -0.14782 0.12000 -0.06123
v -0.16000 0.12000 0.00000
v 0.00000 0.12000 0.00000
v -0.16000 0.12000 0.00000
v -0.14782 0.12000 -0.06123
v -0.14782 0.00000 -0.06123
v -0.11314 0.00000 -0.11314
v -0.11314 0.12000 -0.11314
v -0.14782 0.12000 -0.06123
v 0.00000 0.12000 0.00000
v -0.14782 0.12000 -0.06123
v -0.11314 0.12000 -0.11314
v -0.11314 0.00000 -0.11314
v -0.06123 0.00000 -0.14782
v -0.06123 0.12000 -0.14782
v -0.11314 0.12000 -0.11314
v 0.00000 0.12000 0.00000
v -0.11314 0.12000 -0.11314
v -0.06123 0.12000 -0.14782
v -0.06123 0.00000 -0.14782
v -0.00000 0.00000 -0.16000
v -0.00000 0.12000 -0.16000
v -0.06123 0.12000 -0.14782
v 0.00000 0.12000 0.00000
v -0.06123 0.12000 -0.14782
v -0.00000 0.12000 -0.16000
v -0.00000 0.00000 -0.16000
v 0.06123 0.00000 -0.14782
v 0.06123 0.12000 -0.14782
v -0.00000 0.12000 -0.16000
v 0.00000 0.12000 0.00000
v -0.00000 0.12000 -0.16000
v 0.06123 0.12000 -0.14782
v 0.06123 0.00000 -0.14782
v 0.11314 0.00000 -0.11314
v 0.11314 0.12000 -0.11314
v 0.06123 0.12000 -0.14782
v 0.00000 0.12000 0.00000
v 0.06123 0.12000 -0.14782
v 0.11314 0.12000 -0.11314
v 0.11314 0.00000 -0.11314
v 0.14782 0.00000 -0.06123
v 0.14782 0.12000 -0.06123
v 0.11314 0.12000 -0.11314
v 0.00000 0.12000 0.00000
v 0.11314 0.12000 -0.11314
v 0.14782 0.12000 -0.06123
v 0.14782 0.00000 -0.06123
v 0.16000 0.00000 -0.00000
v 0.16000 0.12000 -0.00000
v 0.14782 0.12000 -0.06123
v 0.00000 0.12000 0.00000
v 0.14782 0.12000 -0.06123
v 0.16000 0.12000 -0.00000
v 0.22000 0.12000 0.00000
v 0.20325 0.12000 0.08419
v 0.20325 0.52000 0.08419
v 0.22000 0.52000 0.00000
v 0.00000 0.52000 0.00000
v 0.22000 0.52000 0.00000
v 0.20325 0.52000 0.08419
v 0.20325 0.12000 0.08419
v 0.15556 0.12000 0.15556
v 0.15556 0.52000 0.15556
v 0.20325 0.52000 0.08419
v 0.00000 0.52000 0.00000
v 0.20325 0.52000 0.08419
v 0.15556 0.52000 0.15556
v 0.15556 0.12000 0.15556
v 0.08419 0.12000 0.20325
v 0.08419 0.52000 0.20325
v 0.15556 0.52000 0.15556
v 0.00000 0.52000 0.00000
v 0.15556 0.52000 0.15556
v 0.08419 0.52000 0.20325
v 0.08419 0.12000 0.20325
v 0.00000 0.12000 0.22000
v 0.00000 0.52000 0.22000
v 0.08419 0.52000 0.20325
v 0.00000 0.52000 0.00000
v 0.08419 0.52000 0.20325
v 0.00000 0.52000 0.22000
v 0.00000 0.12000 0.22000
v -0.08419 0.12000 0.20325
v -0.08419 0.52000 0.20325
v 0.00000 0.52000 0.22000
v 0.00000 0.52000 0.00000
v 0.00000 0.52000 0.22000
v -0.08419 0.52000 0.20325
v -0.08419 0.12000 0.20325
v -0.15556 0.12000 0.15556
v -0.15556 0.52000 0.15556
v -0.08419 0.52000 0.20325
v 0.00000 0.52000 0.00000
v -0.08419 0.52000 0.20325
v -0.15556 0.52000 0.15556
v -0.15556 0.12000 0.15556
v -0.20325 0.12000 0.08419
v -0.20325 0.52000 0.08419
v -0.15556 0.52000 0.15556
v 0.00000 0.52000 0.00000
v -0.15556 0.52000 0.15556
v -0.20325 0.52000 0.08419
v -0.20325 0.12000 0.08419
v -0.22000 0.12000 0.00000
v -0.22000 0.52000 0.00000
v -0.20325 0.52000 0.08419
v 0.00000 0.52000 0.00000
v -0.20325 0.52000 0.08419
v -0.22000 0.52000 0.00000
v -0.22000 0.12000 0.00000
v -0.20325 0.12000 -0.08419
v -0.20325 0.52000 -0.08419
v -0.22000 0.52000 0.00000
v 0.00000 0.52000 0.00000
v -0.22000 0.52000 0.00000
v -0.20325 0.52000 -0.08419
v -0.20325 0.12000 -0.08419
v -0.15556 0.12000 -0.15556
v -0.15556 0.52000 -0.15556
v -0.20325 0.52000 -0.08419
v 0.00000 0.52000 0.00000
v -0.20325 0.52000 -0.08419
v -0.15556 0.52000 -0.15556
v -0.15556 0.12000 -0.15556
v -0.08419 0.12000 -0.20325
v -0.08419 0.52000 -0.20325
v -0.15556 0.52000 -0.15556
v 0.00000 0.52000 0.00000
v -0.15556 0.52000 -0.15556
v -0.08419 0.52000 -0.20325
v -0.08419 0.12000 -0.20325
v -0.00000 0.12000 -0.22000
v -0.00000 0.52000 -0.22000
v -0.08419 0.52000 -0.20325
v 0.00000 0.52000 0.00000
v -0.08419 0.52000 -0.20325
v -0.00000 0.52000 -0.22000
v -0.00000 0.12000 -0.22000
v 0.08419 0.12000 -0.20325
v 0.08419 0.52000 -0.20325
v -0.00000 0.52000 -0.22000
v 0.00000 0.52000 0.00000
v -0.00000 0.52000 -0.22000
v 0.08419 0.52000 -0.20325
v 0.08419 0.12000 -0.20325
v 0.15556 0.12000 -0.15556
v 0.15556 0.52000 -0.15556
v 0.08419 0.52000 -0.20325
v 0.00000 0.52000 0.00000
v 0.08419 0.52000 -0.20325
v 0.15556 0.52000 -0.15556
v 0.15556 0.12000 -0.15556
v 0.20325 0.12000 -0.08419
v 0.20325 0.52000 -0.08419
v 0.15556 0.52000 -0.15556
v 0.00000 0.52000 0.00000
v 0.15556 0.52000 -0.15556
v 0.20325 0.52000 -0.08419
v 0.20325 0.12000 -0.08419
v 0.22000 0.12000 -0.00000
v 0.22000 0.52000 -0.00000
v 0.20325 0.52000 -0.08419
v 0.00000 0.52000 0.00000
v 0.20325 0.52000 -0.08419
v 0.22000 0.52000 -0.00000
v 0.28000 0.48000 0.00000
v 0.25869 0.48000 0.10715
v 0.25869 0.56000 0.10715
v 0.28000 0.56000 0.00000
v 0.00000 0.56000 0.00000
v 0.28000 0.56000 0.00000
v 0.25869 0.56000 0.10715
v 0.25869 0.48000 0.10715
v 0.19799 0.48000 0.19799
v 0.19799 0.56000 0.19799
v 0.25869 0.56000 0.10715
v 0.00000 0.56000 0.00000
v 0.25869 0.56000 0.10715
v 0.19799 0.56000 0.19799
v 0.19799 0.48000 0.19799
v 0.10715 0.48000 0.25869
v 0.10715 0.56000 0.25869
v 0.19799 0.56000 0.19799
v 0.00000 0.56000 0.00000
v 0.19799 0.56000 0.19799
v 0.10715 0.56000 0.25869
v 0.10715 0.48000 0.25869
v 0.00000 0.48000 0.28000
v 0.00000 0.56000 0.28000
v 0.10715 0.56000 0.25869
v 0.00000 0.56000 0.00000
v 0.10715 0.56000 0.25869
v 0.00000 0.56000 0.28000
v 0.00000 0.48000 0.28000
v -0.10715 0.48000 0.25869
v -0.10715 0.56000 0.25869
v 0.00000 0.56000 0.28000
v 0.00000 0.56000 0.00000
v 0.00000 0.56000 0.28000
v -0.10715 0.56000 0.25869
v -0.10715 0.48000 0.25869
v -0.19799 0.48000 0.19799
v -0.19799 0.56000 0.19799
v -0.10715 0.56000 0.25869
v 0.00000 0.56000 0.00000
v -0.10715 0.56000 0.25869
v -0.19799 0.56000 0.19799
v -0.19799 0.48000 0.19799
v -0.25869 0.48000 0.10715
v -0.25869 0.56000 0.10715
v -0.19799 0.56000 0.19799
v 0.00000 0.56000 0.00000
v -0.19799 0.56000 0.19799
v -0.25869 0.56000 0.10715
v -0.25869 0.48000 0.10715
v -0.28000 0.48000 0.00000
v -0.28000 0.56000 0.00000
v -0.25869 0.56000 0.10715
v 0.00000 0.56000 0.00000
v -0.25869 0.56000 0.10715
v -0.28000 0.56000 0.00000
v -0.28000 0.48000 0.00000
v -0.25869 0.48000 -0.10715
v -0.25869 0.56000 -0.10715
v -0.28000 0.56000 0.00000
v 0.00000 0.56000 0.00000
v -0.28000 0.56000 0.00000
v -0.25869 0.56000 -0.10715
v -0.25869 0.48000 -0.10715
v -0.19799 0.48000 -0.19799
v -0.19799 0.56000 -0.19799
v -0.25869 0.56000 -0.10715
v 0.00000 0.56000 0.00000
v -0.25869 0.56000 -0.10715
v -0.19799 0.56000 -0.19799
v -0.19799 0.48000 -0.19799
v -0.10715 0.48000 -0.25869
v -0.10715 0.56000 -0.25869
v -0.19799 0.56000 -0.19799
v 0.00000 0.56000 0.00000
v -0.19799 0.56000 -0.19799
v -0.10715 0.56000 -0.25869
v -0.10715 0.48000 -0.25869
v -0.00000 0.48000 -0.28000
v -0.00000 0.56000 -0.28000
v -0.10715 0.56000 -0.25869
v 0.00000 0.56000 0.00000
v -0.10715 0.56000 -0.25869
v -0.00000 0.56000 -0.28000
v -0.00000 0.48000 -0.28000
v 0.10715 0.48000 -0.25869
v 0.10715 0.56000 -0.25869
v -0.00000 0.56000 -0.28000
v 0.00000 0.56000 0.00000
v -0.00000 0.56000 -0.28000
v 0.10715 0.56000 -0.25869
v 0.10715 0.48000 -0.25869
v 0.19799 0.48000 -0.19799
v 0.19799 0.56000 -0.19799
v 0.10715 0.56000 -0.25869
v 0.00000 0.56000 0.00000
v 0.10715 0.56000 -0.25869
v 0.19799 0.56000 -0.19799
v 0.19799 0.48000 -0.19799
v 0.25869 0.48000 -0.10715
v 0.25869 0.56000 -0.10715
v 0.19799 0.56000 -0.19799
v 0.00000 0.56000 0.00000
v 0.19799 0.56000 -0.19799
v 0.25869 0.56000 -0.10715
v 0.25869 0.48000 -0.10715
v 0.28000 0.48000 -0.00000
v 0.28000 0.56000 -0.00000
v 0.25869 0.56000 -0.10715
v 0.00000 0.56000 0.00000
v 0.25869 0.56000 -0.10715
v 0.28000 0.56000 -0.00000
v 0.00000 0.90000 0.00000
v 0.06888 0.88630 0.00000
v 0.06364 0.88630 0.02636
v 0.00000 0.90000 0.00000
v 0.06364 0.88630 0.02636
v 0.04871 0.88630 0.04871
v 0.00000 0.90000 0.00000
v 0.04871 0.88630 0.04871
v 0.02636 0.88630 0.06364
v 0.00000 0.90000 0.00000
v 0.02636 0.88630 0.06364
v 0.00000 0.88630 0.06888
v 0.00000 0.90000 0.00000
v 0.00000 0.88630 0.06888
v -0.02636 0.88630 0.06364
v 0.00000 0.90000 0.00000
v -0.02636 0.88630 0.06364
v -0.04871 0.88630 0.04871
v 0.00000 0.90000 0.00000
v -0.04871 0.88630 0.04871
v -0.06364 0.88630 0.02636
v 0.00000 0.90000 0.00000
v -0.06364 0.88630 0.02636
v -0.06888 0.88630 0.00000
v 0.00000 0.90000 0.00000
v -0.06888 0.88630 0.00000
v -0.06364 0.88630 -0.02636
v 0.00000 0.90000 0.00000
v -0.06364 0.88630 -0.02636
v -0.04871 0.88630 -0.04871
v 0.00000 0.90000 0.00000
v -0.04871 0.88630 -0.04871
v -0.02636 0.88630 -0.06364
v 0.00000 0.90000 0.00000
v -0.02636 0.88630 -0.06364
v -0.00000 0.88630 -0.06888
v 0.00000 0.90000 0.00000
v -0.00000 0.88630 -0.06888
v 0.02636 0.88630 -0.06364
v 0.00000 0.90000 0.00000
v 0.02636 0.88630 -0.06364
v 0.04871 0.88630 -0.04871
v 0.00000 0.90000 0.00000
v 0.04871 0.88630 -0.04871
v 0.06364 0.88630 -0.02636
v 0.00000 0.90000 0.00000
v 0.06364 0.88630 -0.02636
v 0.06888 0.88630 -0.00000
v 0.06888 0.88630 0.00000
v 0.06364 0.88630 0.02636
v 0.12728 0.84728 0.00000
v 0.11759 0.84728 0.04871
v 0.06364 0.88630 0.02636
v 0.04871 0.88630 0.04871
v 0.11759 0.84728 0.04871
v 0.09000 0.84728 0.09000
v 0.04871 0.88630 0.04871
v 0.02636 0.88630 0.06364
v 0.09000 0.84728 0.09000
v 0.04871 0.84728 0.11759
v 0.02636 0.88630 0.06364
v 0.00000 0.88630 0.06888
v 0.04871 0.84728 0.11759
v 0.00000 0.84728 0.12728
v 0.00000 0.88630 0.06888
v -0.02636 0.88630 0.06364
v 0.00000 0.84728 0.12728
v -0.04871 0.84728 0.11759
v -0.02636 0.88630 0.06364
v -0.04871 0.88630 0.04871
v -0.04871 0.84728 0.11759
v -0.09000 0.84728 0.09000
v -0.04871 0.88630 0.04871
v -0.06364 0.88630 0.02636
v -0.09000 0.84728 0.09000
v -0.11759 0.84728 0.04871
v -0.06364 0.88630 0.02636
v -0.06888 0.88630 0.00000
v -0.11759 0.84728 0.04871
v -0.12728 0.84728 0.00000
v -0.06888 0.88630 0.00000
v -0.06364 0.88630 -0.02636
v -0.12728 0.84728 0.00000
v -0.11759 0.84728 -0.04871
v -0.06364 0.88630 -0.02636
v -0.04871 0.88630 -0.04871
v -0.11759 0.84728 -0.04871
v -0.09000 0.84728 -0.09000
v -0.04871 0.88630 -0.04871
v -0.02636 0.88630 -0.06364
v -0.09000 0.84728 -0.09000
v -0.04871 0.84728 -0.11759
v -0.02636 0.88630 -0.06364
v -0.00000 0.88630 -0.06888
v -0.04871 0.84728 -0.11759
v -0.00000 0.84728 -0.12728
v -0.00000 0.88630 -0.06888
v 0.02636 0.88630 -0.06364
v -0.00000 0.84728 -0.12728
v 0.04871 0.84728 -0.11759
v 0.02636 0.88630 -0.06364
v 0.04871 0.88630 -0.04871
v 0.04871 0.84728 -0.11759
v 0.09000 0.84728 -0.09000
v 0.04871 0.88630 -0.04871
v 0.06364 0.88630 -0.02636
v 0.09000 0.84728 -0.09000
v 0.11759 0.84728 -0.04871
v 0.06364 0.88630 -0.02636
v 0.06888 0.88630 -0.00000
v 0.11759 0.84728 -0.04871
v 0.12728 0.84728 -0.00000
v 0.12728 0.84728 0.00000
v 0.11759 0.84728 0.04871
v 0.16630 0.78888 0.00000
v 0.15364 0.78888 0.06364
v 0.11759 0.84728 0.04871
v 0.09000 0.84728 0.09000
v 0.15364 0.78888 0.06364
v 0.11759 0.78888 0.11759
v 0.09000 0.84728 0.09000
v 0.04871 0.84728 0.11759
v 0.11759 0.78888 0.11759
v 0.06364 0.78888 0.15364
v 0.04871 0.84728 0.11759
v 0.00000 0.84728 0.12728
v 0.06364 0.78888 0.15364
v 0.00000 0.78888 0.16630
v 0.00000 0.84728 0.12728
v -0.04871 0.84728 0.11759
v 0.00000 0.78888 0.16630
v -0.06364 0.78888 0.15364
v -0.04871 0.84728 0.11759
v -0.09000 0.84728 0.09000
v -0.06364 0.78888 0.15364
v -0.11759 0.78888 0.11759
v -0.09000 0.84728 0.09000
v -0.11759 0.84728 0.04871
v -0.11759 0.78888 0.11759
v -0.15364 0.78888 0.06364
v -0.11759 0.84728 0.04871
v -0.12728 0.84728 0.00000
v -0.15364 0.78888 0.06364
v -0.16630 0.78888 0.00000
v -0.12728 0.84728 0.00000
v -0.11759 0.84728 -0.04871
v -0.16630 0.78888 0.00000
v -0.15364 0.78888 -0.06364
v -0.11759 0.84728 -0.04871
v -0.09000 0.84728 -0.09000
v -0.15364 0.78888 -0.06364
v -0.11759 0.78888 -0.11759
v -0.09000 0.84728 -0.09000
v -0.04871 0.84728 -0.11759
v -0.11759 0.78888 -0.11759
v -0.06364 0.78888 -0.15364
v -0.04871 0.84728 -0.11759
v -0.00000 0.84728 -0.12728
v -0.06364 0.78888 -0.15364
v -0.00000 0.78888 -0.16630
v -0.00000 0.84728 -0.12728
v 0.04871 0.84728 -0.11759
v -0.00000 0.78888 -0.16630
v 0.06364 0.78888 -0.15364
v 0.04871 0.84728 -0.11759
v 0.09000 0.84728 -0.09000
v 0.06364 0.78888 -0.15364
v 0.11759 0.78888 -0.11759
v 0.09000 0.84728 -0.09000
v 0.11759 0.84728 -0.04871
v 0.11759 0.78888 -0.11759
v 0.15364 0.78888 -0.06364
v 0.11759 0.84728 -0.04871
v 0.12728 0.84728 -0.00000
v 0.15364 0.78888 -0.06364
v 0.16630 0.78888 -0.00000
v 0.16630 0.78888 0.00000
v 0.15364 0.78888 0.06364
v 0.18000 0.72000 0.00000
v 0.16630 0.72000 0.06888
v 0.15364 0.78888 0.06364
v 0.11759 0.78888 0.11759
v 0.16630 0.72000 0.06888
v 0.12728 0.72000 0.12728
v 0.11759 0.78888 0.11759
v 0.06364 0.78888 0.15364
v 0.12728 0.72000 0.12728
v 0.06888 0.72000 0.16630
v 0.06364 0.78888 0.15364
v 0.00000 0.78888 0.16630
v 0.06888 0.72000 0.16630
v 0.00000 0.72000 0.18000
v 0.00000 0.78888 0.16630
v -0.06364 0.78888 0.15364
v 0.00000 0.72000 0.18000
v -0.06888 0.72000 0.16630
v -0.06364 0.78888 0.15364
v -0.11759 0.78888 0.11759
v -0.06888 0.72000 0.16630
v -0.12728 0.72000 0.12728
v -0.11759 0.78888 0.11759
v -0.15364 0.78888 0.06364
v -0.12728 0.72000 0.12728
v -0.16630 0.72000 0.06888
v -0.15364 0.78888 0.06364
v -0.16630 0.78888 0.00000
v -0.16630 0.72000 0.06888
v -0.18000 0.72000 0.00000
v -0.16630 0.78888 0.00000
v -0.15364 0.78888 -0.06364
v -0.18000 0.72000 0.00000
v -0.16630 0.72000 -0.06888
v -0.15364 0.78888 -0.06364
v -0.11759 0.78888 -0.11759
v -0.16630 0.72000 -0.06888
v -0.12728 0.72000 -0.12728
v -0.11759 0.78888 -0.11759
v -0.06364 0.78888 -0.15364
v -0.12728 0.72000 -0.12728
v -0.06888 0.72000 -0.16630
v -0.06364 0.78888 -0.15364
v -0.00000 0.78888 -0.16630
v -0.06888 0.72000 -0.16630
v -0.00000 0.72000 -0.18000
v -0.00000 0.78888 -0.16630
v 0.06364 0.78888 -0.15364
v -0.00000 0.72000 -0.18000
v 0.06888 0.72000 -0.16630
v 0.06364 0.78888 -0.15364
v 0.11759 0.78888 -0.11759
v 0.06888 0.72000 -0.16630
v 0.12728 0.72000 -0.12728
v 0.11759 0.78888 -0.11759
v 0.15364 0.78888 -0.06364
v 0.12728 0.72000 -0.12728
v 0.16630 0.72000 -0.06888
v 0.15364 0.78888 -0.06364
v 0.16630 0.78888 -0.00000
v 0.16630 0.72000 -0.06888
v 0.18000 0.72000 -0.00000
v 0.18000 0.72000 0.00000
v 0.16630 0.72000 0.06888
v 0.16630 0.65112 0.00000
v 0.15364 0.65112 0.06364
v 0.16630 0.72000 0.06888
v 0.12728 0.72000 0.12728
v 0.15364 0.65112 0.06364
v 0.11759 0.65112 0.11759
v 0.12728 0.72000 0.12728
v 0.06888 0.72000 0.16630
v 0.11759 0.65112 0.11759
v 0.06364 0.65112 0.15364
v 0.06888 0.72000 0.16630
v 0.00000 0.72000 0.18000
v 0.06364 0.65112 0.15364
v 0.00000 0.65112 0.16630
v 0.00000 0.72000 0.18000
v -0.06888 0.72000 0.16630
v 0.00000 0.65112 0.16630
v -0.06364 0.65112 0.15364
v -0.06888 0.72000 0.16630
v -0.12728 0.72000 0.12728
v -0.06364 0.65112 0.15364
v -0.11759 0.65112 0.11759
v -0.12728 0.72000 0.12728
v -0.16630 0.72000 0.06888
v -0.11759 0.65112 0.11759
v -0.15364 0.65112 0.06364
v -0.16630 0.72000 0.06888
v -0.18000 0.72000 0.00000
v -0.15364 0.65112 0.06364
v -0.16630 0.65112 0.00000
v -0.18000 0.72000 0.00000
v -0.16630 0.72000 -0.06888
v -0.16630 0.65112 0.00000
v -0.15364 0.65112 -0.06364
v -0.16630 0.72000 -0.06888
v -0.12728 0.72000 -0.12728
v -0.15364 0.65112 -0.06364
v -0.11759 0.65112 -0.11759
v -0.12728 0.72000 -0.12728
v -0.06888 0.72000 -0.16630
v -0.11759 0.65112 -0.11759
v -0.06364 0.65112 -0.15364
v -0.06888 0.72000 -0.16630
v -0.00000 0.72000 -0.18000
v -0.06364 0.65112 -0.15364
v -0.00000 0.65112 -0.16630
v -0.00000 0.72000 -0.18000
v 0.06888 0.72000 -0.16630
v -0.00000 0.65112 -0.16630
v 0.06364 0.65112 -0.15364
v 0.06888 0.72000 -0.16630
v 0.12728 0.72000 -0.12728
v 0.06364 0.65112 -0.15364
v 0.11759 0.65112 -0.11759
v 0.12728 0.72000 -0.12728
v 0.16630 0.72000 -0.06888
v 0.11759 0.65112 -0.11759
v 0.15364 0.65112 -0.06364
v 0.16630 0.72000 -0.06888
v 0.18000 0.72000 -0.00000
v 0.15364 0.65112 -0.06364
v 0.16630 0.65112 -0.00000
v 0.16630 0.65112 0.00000
v 0.15364 0.65112 0.06364
v 0.12728 0.59272 0.00000
v 0.11759 0.59272 0.04871
v 0.15364 0.65112 0.06364
v 0.11759 0.65112 0.11759
v 0.11759 0.59272 0.04871
v 0.09000 0.59272 0.09000
v 0.11759 0.65112 0.11759
v 0.06364 0.65112 0.15364
v 0.09000 0.59272 0.09000
v 0.04871 0.59272 0.11759
v 0.06364 0.65112 0.15364
v 0.00000 0.65112 0.16630
v 0.04871 0.59272 0.11759
v 0.00000 0.59272 0.12728
v 0.00000 0.65112 0.16630
v -0.06364 0.65112 0.15364
v 0.00000 0.59272 0.12728
v -0.04871 0.59272 0.11759
v -0.06364 0.65112 0.15364
v -0.11759 0.65112 0.11759
v -0.04871 0.59272 0.11759
v -0.09000 0.59272 0.09000
v -0.11759 0.65112 0.11759
v -0.15364 0.65112 0.06364
v -0.09000 0.59272 0.09000
v -0.11759 0.59272 0.04871
v -0.15364 0.65112 0.06364
v -0.16630 0.65112 0.00000
v -0.11759 0.59272 0.04871
v -0.12728 0.59272 0.00000
v -0.16630 0.65112 0.00000
v -0.15364 0.65112 -0.06364
v -0.12728 0.59272 0.00000
v -0.11759 0.59272 -0.04871
v -0.15364 0.65112 -0.06364
v -0.11759 0.65112 -0.11759
v -0.11759 0.59272 -0.04871
v -0.09000 0.59272 -0.09000
v -0.11759 0.65112 -0.11759
v -0.06364 0.65112 -0.15364
v -0.09000 0.59272 -0.09000
v -0.04871 0.59272 -0.11759
v -0.06364 0.65112 -0.15364
v -0.00000 0.65112 -0.16630
v -0.04871 0.59272 -0.11759
v -0.00000 0.59272 -0.12728
v -0.00000 0.65112 -0.16630
v 0.06364 0.65112 -0.15364
v -0.00000 0.59272 -0.12728
v 0.04871 0.59272 -0.11759
v 0.06364 0.65112 -0.15364
v 0.11759 0.65112 -0.11759
v 0.04871 0.59272 -0.11759
v 0.09000 0.59272 -0.09000
v 0.11759 0.65112 -0.11759
v 0.15364 0.65112 -0.06364
v 0.09000 0.59272 -0.09000
v 0.11759 0.59272 -0.04871
v 0.15364 0.65112 -0.06364
v 0.16630 0.65112 -0.00000
v 0.11759 0.59272 -0.04871
v 0.12728 0.59272 -0.00000
v 0.12728 0.59272 0.00000
v 0.11759 0.59272 0.04871
v 0.06888 0.55370 0.00000
v 0.06364 0.55370 0.02636
v 0.11759 0.59272 0.04871
v 0.09000 0.59272 0.09000
v 0.06364 0.55370 0.02636
v 0.04871 0.55370 0.04871
v 0.09000 0.59272 0.09000
v 0.04871 0.59272 0.11759
v 0.04871 0.55370 0.04871
v 0.02636 0.55370 0.06364
v 0.04871 0.59272 0.11759
v 0.00000 0.59272 0.12728
v 0.02636 0.55370 0.06364
v 0.00000 0.55370 0.06888
v 0.00000 0.59272 0.12728
v -0.04871 0.59272 0.11759
v 0.00000 0.55370 0.06888
v -0.02636 0.55370 0.06364
v -0.04871 0.59272 0.11759
v -0.09000 0.59272 0.09000
v -0.02636 0.55370 0.06364
v -0.04871 0.55370 0.04871
v -0.09000 0.59272 0.09000
v -0.11759 0.59272 0.04871
v -0.04871 0.55370 0.04871
v -0.06364 0.55370 0.02636
v -0.11759 0.59272 0.04871
v -0.12728 0.59272 0.00000
v -0.06364 0.55370 0.02636
v -0.06888 0.55370 0.00000
v -0.12728 0.59272 0.00000
v -0.11759 0.59272 -0.04871
v -0.06888 0.55370 0.00000
v -0.06364 0.55370 -0.02636
v -0.11759 0.59272 -0.04871
v -0.09000 0.59272 -0.09000
v -0.06364 0.55370 -0.02636
v -0.04871 0.55370 -0.04871
v -0.09000 0.59272 -0.09000
v -0.04871 0.59272 -0.11759
v -0.04871 0.55370 -0.04871
v -0.02636 0.55370 -0.06364
v -0.04871 0.59272 -0.11759
v -0.00000 0.59272 -0.12728
v -0.02636 0.55370 -0.06364
v -0.00000 0.55370 -0.06888
v -0.00000 0.59272 -0.12728
v 0.04871 0.59272 -0.11759
v -0.00000 0.55370 -0.06888
v 0.02636 0.55370 -0.06364
v 0.04871 0.59272 -0.11759
v 0.09000 0.59272 -0.09000
v 0.02636 0.55370 -0.06364
v 0.04871 0.55370 -0.04871
v 0.09000 0.59272 -0.09000
v 0.11759 0.59272 -0.04871
v 0.04871 0.55370 -0.04871
v 0.06364 0.55370 -0.02636
v 0.11759 0.59272 -0.04871
v 0.12728 0.59272 -0.00000
v 0.06364 0.55370 -0.02636
v 0.06888 0.55370 -0.00000
v 0.00000 0.54000 0.00000
v 0.06888 0.55370 0.00000
v 0.06364 0.55370 0.02636
v 0.00000 0.54000 0.00000
v 0.06364 0.55370 0.02636
v 0.04871 0.55370 0.04871
v 0.00000 0.54000 0.00000
v 0.04871 0.55370 0.04871
v 0.02636 0.55370 0.06364
v 0.00000 0.54000 0.00000
v 0.02636 0.55370 0.06364
v 0.00000 0.55370 0.06888
v -0.00000 0.54000 0.00000
v 0.00000 0.55370 0.06888
v -0.02636 0.55370 0.06364
v -0.00000 0.54000 0.00000
v -0.02636 0.55370 0.06364
v -0.04871 0.55370 0.04871
v -0.00000 0.54000 0.00000
v -0.04871 0.55370 0.04871
v -0.06364 0.55370 0.02636
v -0.00000 0.54000 0.00000
v -0.06364 0.55370 0.02636
v -0.06888 0.55370 0.00000
v -0.00000 0.54000 -0.00000
v -0.06888 0.55370 0.00000
v -0.06364 0.55370 -0.02636
v -0.00000 0.54000 -0.00000
v -0.06364 0.55370 -0.02636
v -0.04871 0.55370 -0.04871
v -0.00000 0.54000 -0.00000
v -0.04871 0.55370 -0.04871
v -0.02636 0.55370 -0.06364
v -0.00000 0.54000 -0.00000
v -0.02636 0.55370 -0.06364
v -0.00000 0.55370 -0.06888
v 0.00000 0.54000 -0.00000
v -0.00000 0.55370 -0.06888
v 0.02636 0.55370 -0.06364
v 0.00000 0.54000 -0.00000
v 0.02636 0.55370 -0.06364
v 0.04871 0.55370 -0.04871
v 0.00000 0.54000 -0.00000
v 0.04871 0.55370 -0.04871
v 0.06364 0.55370 -0.02636
v 0.00000 0.54000 -0.00000
v 0.06364 0.55370 -0.02636
v 0.06888 0.55370 -0.00000
v -0.03000 0.60000 0.14000
v 0.03000 0.60000 0.14000
v 0.03000 0.76000 0.14000
v -0.03000 0.76000 0.14000
v -0.03000 0.60000 0.18000
v 0.03000 0.60000 0.18000
v 0.03000 0.76000 0.18000
v -0.03000 0.76000 0.18000
v 0.06000 0.88000 0.00000
v 0.04243 0.88000 0.04243
v 0.04243 1.06000 0.04243
v 0.06000 1.06000 0.00000
v 0.00000 1.06000 0.00000
v 0.06000 1.06000 0.00000
v 0.04243 1.06000 0.04243
v 0.04243 0.88000 0.04243
v 0.00000 0.88000 0.06000
v 0.00000 1.06000 0.06000
v 0.04243 1.06000 0.04243
v 0.00000 1.06000 0.00000
v 0.04243 1.06000 0.04243
v 0.00000 1.06000 0.06000
v 0.00000 0.88000 0.06000
v -0.04243 0.88000 0.04243
v -0.04243 1.06000 0.04243
v 0.00000 1.06000 0.06000
v 0.00000 1.06000 0.00000
v 0.00000 1.06000 0.06000
v -0.04243 1.06000 0.04243
v -0.04243 0.88000 0.04243
v -0.06000 0.88000 0.00000
v -0.06000 1.06000 0.00000
v -0.04243 1.06000 0.04243
v 0.00000 1.06000 0.00000
v -0.04243 1.06000 0.04243
v -0.06000 1.06000 0.00000
v -0.06000 0.88000 0.00000
v -0.04243 0.88000 -0.04243
v -0.04243 1.06000 -0.04243
v -0.06000 1.06000 0.00000
v 0.00000 1.06000 0.00000
v -0.06000 1.06000 0.00000
v -0.04243 1.06000 -0.04243
v -0.04243 0.88000 -0.04243
v -0.00000 0.88000 -0.06000
v -0.00000 1.06000 -0.06000
v -0.04243 1.06000 -0.04243
v 0.00000 1.06000 0.00000
v -0.04243 1.06000 -0.04243
v -0.00000 1.06000 -0.06000
v -0.00000 0.88000 -0.06000
v 0.04243 0.88000 -0.04243
v 0.04243 1.06000 -0.04243
v -0.00000 1.06000 -0.06000
v 0.00000 1.06000 0.00000
v -0.00000 1.06000 -0.06000
v 0.04243 1.06000 -0.04243
v 0.04243 0.88000 -0.04243
v 0.06000 0.88000 -0.00000
v 0.06000 1.06000 -0.00000
v 0.04243 1.06000 -0.04243
v 0.00000 1.06000 0.00000
v 0.04243 1.06000 -0.04243
v 0.06000 1.06000 -0.00000
v -0.11000 0.18000 0.21000
v 0.11000 0.18000 0.21000
v 0.11000 0.46000 0.21000
v -0.11000 0.46000 0.21000
v -0.11000 0.18000 0.25000
v 0.11000 0.18000 0.25000
v 0.11000 0.46000 0.25000
v -0.11000 0.46000 0.25000
v -0.45000 0.30000 0.00000
v -0.20337 0.30000 0.04114
v -0.46337 0.48000 0.04114
v -0.19000 0.48000 0.00000
v -0.26000 0.48000 0.00000
v -0.19000 0.48000 0.00000
v -0.20337 0.48000 0.04114
v -0.46337 0.30000 0.04114
v -0.23837 0.30000 0.06657
v -0.49837 0.48000 0.06657
v -0.20337 0.48000 0.04114
v -0.26000 0.48000 0.00000
v -0.20337 0.48000 0.04114
v -0.23837 0.48000 0.06657
v -0.49837 0.30000 0.06657
v -0.28163 0.30000 0.06657
v -0.54163 0.48000 0.06657
v -0.23837 0.48000 0.06657
v -0.26000 0.48000 0.00000
v -0.23837 0.48000 0.06657
v -0.28163 0.48000 0.06657
v -0.54163 0.30000 0.06657
v -0.31663 0.30000 0.04114
v -0.57663 0.48000 0.04114
v -0.28163 0.48000 0.06657
v -0.26000 0.48000 0.00000
v -0.28163 0.48000 0.06657
v -0.31663 0.48000 0.04114
v -0.57663 0.30000 0.04114
v -0.33000 0.30000 0.00000
v -0.59000 0.48000 0.00000
v -0.31663 0.48000 0.04114
v -0.26000 0.48000 0.00000
v -0.31663 0.48000 0.04114
v -0.33000 0.48000 0.00000
v -0.59000 0.30000 0.00000
v -0.31663 0.30000 -0.04114
v -0.57663 0.48000 -0.04114
v -0.33000 0.48000 0.00000
v -0.26000 0.48000 0.00000
v -0.33000 0.48000 0.00000
v -0.31663 0.48000 -0.04114
v -0.57663 0.30000 -0.04114
v -0.28163 0.30000 -0.06657
v -0.54163 0.48000 -0.06657
v -0.31663 0.48000 -0.04114
v -0.26000 0.48000 0.00000
v -0.31663 0.48000 -0.04114
v -0.28163 0.48000 -0.06657
v -0.54163 0.30000 -0.06657
v -0.23837 0.30000 -0.06657
v -0.49837 0.48000 -0.06657
v -0.28163 0.48000 -0.06657
v -0.26000 0.48000 0.00000
v -0.28163 0.48000 -0.06657
v -0.23837 0.48000 -0.06657
v -0.49837 0.30000 -0.06657
v -0.20337 0.30000 -0.04114
v -0.46337 0.48000 -0.04114
v -0.23837 0.48000 -0.06657
v -0.26000 0.48000 0.00000
v -0.23837 0.48000 -0.06657
v -0.20337 0.48000 -0.04114
v -0.46337 0.30000 -0.04114
v -0.19000 0.30000 -0.00000
v -0.45000 0.48000 -0.00000
v -0.20337 0.48000 -0.04114
v -0.26000 0.48000 0.00000
v -0.20337 0.48000 -0.04114
v -0.19000 0.48000 -0.00000
v 0.59000 0.30000 0.00000
v 0.31663 0.30000 0.04114
v 0.57663 0.48000 0.04114
v 0.33000 0.48000 0.00000
v 0.26000 0.48000 0.00000
v 0.33000 0.48000 0.00000
v 0.31663 0.48000 0.04114
v 0.57663 0.30000 0.04114
v 0.28163 0.30000 0.06657
v 0.54163 0.48000 0.06657
v 0.31663 0.48000 0.04114
v 0.26000 0.48000 0.00000
v 0.31663 0.48000 0.04114
v 0.28163 0.48000 0.06657
v 0.54163 0.30000 0.06657
v 0.23837 0.30000 0.06657
v 0.49837 0.48000 0.06657
v 0.28163 0.48000 0.06657
v 0.26000 0.48000 0.00000
v 0.28163 0.48000 0.06657
v 0.23837 0.48000 0.06657
v 0.49837 0.30000 0.06657
v 0.20337 0.30000 0.04114
v 0.46337 0.48000 0.04114
v 0.23837 0.48000 0.06657
v 0.26000 0.48000 0.00000
v 0.23837 0.48000 0.06657
v 0.20337 0.48000 0.04114
v 0.46337 0.30000 0.04114
v 0.19000 0.30000 0.00000
v 0.45000 0.48000 0.00000
v 0.20337 0.48000 0.04114
v 0.26000 0.48000 0.00000
v 0.20337 0.48000 0.04114
v 0.19000 0.48000 0.00000
v 0.45000 0.30000 0.00000
v 0.20337 0.30000 -0.04114
v 0.46337 0.48000 -0.04114
v 0.19000 0.48000 0.00000
v 0.26000 0.48000 0.00000
v 0.19000 0.48000 0.00000
v 0.20337 0.48000 -0.04114
v 0.46337 0.30000 -0.04114
v 0.23837 0.30000 -0.06657
v 0.49837 0.48000 -0.06657
v 0.20337 0.48000 -0.04114
v 0.26000 0.48000 0.00000
v 0.20337 0.48000 -0.04114
v 0.23837 0.48000 -0.06657
v 0.49837 0.30000 -0.06657
v 0.28163 0.30000 -0.06657
v 0.54163 0.48000 -0.06657
v 0.23837 0.48000 -0.06657
v 0.26000 0.48000 0.00000
v 0.23837 0.48000 -0.06657
v 0.28163 0.48000 -0.06657
v 0.54163 0.30000 -0.06657
v 0.31663 0.30000 -0.04114
v 0.57663 0.48000 -0.04114
v 0.28163 0.48000 -0.06657
v 0.26000 0.48000 0.00000
v 0.28163 0.48000 -0.06657
v 0.31663 0.48000 -0.04114
v 0.57663 0.30000 -0.04114
v 0.33000 0.30000 -0.00000
v 0.59000 0.48000 -0.00000
v 0.31663 0.48000 -0.04114
v 0.26000 0.48000 0.00000
v 0.31663 0.48000 -0.04114
v 0.33000 0.48000 -0.00000
v 0.70500 0.15000 0.16000
v 0.35768 0.15000 0.09768
v 0.69768 1.05000 0.17768
v 0.36500 1.05000 0.08000
v 0.34000 1.05000 0.08000
v 0.36500 1.05000 0.08000
v 0.35768 1.05000 0.09768
v 0.69768 0.15000 0.17768
v 0.34000 0.15000 0.10500
v 0.68000 1.05000 0.18500
v 0.35768 1.05000 0.09768
v 0.34000 1.05000 0.08000
v 0.35768 1.05000 0.09768
v 0.34000 1.05000 0.10500
v 0.68000 0.15000 0.18500
v 0.32232 0.15000 0.09768
v 0.66232 1.05000 0.17768
v 0.34000 1.05000 0.10500
v 0.34000 1.05000 0.08000
v 0.34000 1.05000 0.10500
v 0.32232 1.05000 0.09768
v 0.66232 0.15000 0.17768
v 0.31500 0.15000 0.08000
v 0.65500 1.05000 0.16000
v 0.32232 1.05000 0.09768
v 0.34000 1.05000 0.08000
v 0.32232 1.05000 0.09768
v 0.31500 1.05000 0.08000
v 0.65500 0.15000 0.16000
v 0.32232 0.15000 0.06232
v 0.66232 1.05000 0.14232
v 0.31500 1.05000 0.08000
v 0.34000 1.05000 0.08000
v 0.31500 1.05000 0.08000
v 0.32232 1.05000 0.06232
v 0.66232 0.15000 0.14232
v 0.34000 0.15000 0.05500
v 0.68000 1.05000 0.13500
v 0.32232 1.05000 0.06232
v 0.34000 1.05000 0.08000
v 0.32232 1.05000 0.06232
v 0.34000 1.05000 0.05500
v 0.68000 0.15000 0.13500
v 0.35768 0.15000 0.06232
v 0.69768 1.05000 0.14232
v 0.34000 1.05000 0.05500
v 0.34000 1.05000 0.08000
v 0.34000 1.05000 0.05500
v 0.35768 1.05000 0.06232
v 0.69768 0.15000 0.14232
v 0.36500 0.15000 0.08000
v 0.70500 1.05000 0.16000
v 0.35768 1.05000 0.06232
v 0.34000 1.05000 0.08000
v 0.35768 1.05000 0.06232
v 0.36500 1.05000 0.08000
v 0.71000 0.92000 0.16000
v 0.36121 0.92000 0.10121
v 0.70121 1.02000 0.18121
v 0.37000 1.02000 0.08000
v 0.34000 1.02000 0.08000
v 0.37000 1.02000 0.08000
v 0.36121 1.02000 0.10121
v 0.70121 0.92000 0.18121
v 0.34000 0.92000 0.11000
v 0.68000 1.02000 0.19000
v 0.36121 1.02000 0.10121
v 0.34000 1.02000 0.08000
v 0.36121 1.02000 0.10121
v 0.34000 1.02000 0.11000
v 0.68000 0.92000 0.19000
v 0.31879 0.92000 0.10121
v 0.65879 1.02000 0.18121
v 0.34000 1.02000 0.11000
v 0.34000 1.02000 0.08000
v 0.34000 1.02000 0.11000
v 0.31879 1.02000 0.10121
v 0.65879 0.92000 0.18121
v 0.31000 0.92000 0.08000
v 0.65000 1.02000 0.16000
v 0.31879 1.02000 0.10121
v 0.34000 1.02000 0.08000
v 0.31879 1.02000 0.10121
v 0.31000 1.02000 0.08000
v 0.65000 0.92000 0.16000
v 0.31879 0.92000 0.05879
v 0.65879 1.02000 0.13879
v 0.31000 1.02000 0.08000
v 0.34000 1.02000 0.08000
v 0.31000 1.02000 0.08000
v 0.31879 1.02000 0.05879
v 0.65879 0.92000 0.13879
v 0.34000 0.92000 0.05000
v 0.68000 1.02000 0.13000
v 0.31879 1.02000 0.05879
v 0.34000 1.02000 0.08000
v 0.31879 1.02000 0.05879
v 0.34000 1.02000 0.05000
v 0.68000 0.92000 0.13000
v 0.36121 0.92000 0.05879
v 0.70121 1.02000 0.13879
v 0.34000 1.02000 0.05000
v 0.34000 1.02000 0.08000
v 0.34000 1.02000 0.05000
v 0.36121 1.02000 0.05879
v 0.70121 0.92000 0.13879
v 0.37000 0.92000 0.08000
v 0.71000 1.02000 0.16000
v 0.36121 1.02000 0.05879
v 0.34000 1.02000 0.08000
v 0.36121 1.02000 0.05879
v 0.37000 1.02000 0.08000
vt 0.00000 0.00000
vt 0.06250 0.00000
vt 0.06250 0.12000
vt 0.00000 0.12000
vt 0.50000 0.50000
vt 0.00000 0.90000
vt 0.06250 0.90000
vt 0.06250 0.00000
vt 0.12500 0.00000
vt 0.12500 0.12000
vt 0.06250 0.12000
vt 0.50000 0.50000
vt 0.06250 0.90000
vt 0.12500 0.90000
vt 0.12500 0.00000
vt 0.18750 0.00000
vt 0.18750 0.12000
vt 0.12500 0.12000
vt 0.50000 0.50000
vt 0.12500 0.90000
vt 0.18750 0.90000
vt 0.18750 0.00000
vt 0.25000 0.00000
vt 0.25000 0.12000
vt 0.18750 0.12000
vt 0.50000 0.50000
vt 0.18750 0.90000
vt 0.25000 0.90000
vt 0.25000 0.00000
vt 0.31250 0.00000
vt 0.31250 0.12000
vt 0.25000 0.12000
vt 0.50000 0.50000
vt 0.25000 0.90000
vt 0.31250 0.90000
vt 0.31250 0.00000
vt 0.37500 0.00000
vt 0.37500 0.12000
vt 0.31250 0.12000
vt 0.50000 0.50000
vt 0.31250 0.90000
vt 0.37500 0.90000
vt 0.37500 0.00000
vt 0.43750 0.00000
vt 0.43750 0.12000
vt 0.37500 0.12000
vt 0.50000 0.50000
vt 0.37500 0.90000
vt 0.43750 0.90000
vt 0.43750 0.00000
vt 0.50000 0.00000
vt 0.50000 0.12000
vt 0.43750 0.12000
vt 0.50000 0.50000
vt 0.43750 0.90000
vt 0.50000 0.90000
vt 0.50000 0.00000
vt 0.56250 0.00000
vt 0.56250 0.12000
vt 0.50000 0.12000
vt 0.50000 0.50000
vt 0.50000 0.90000
vt 0.56250 0.90000
vt 0.56250 0.00000
vt 0.62500 0.00000
vt 0.62500 0.12000
vt 0.56250 0.12000
vt 0.50000 0.50000
vt 0.56250 0.90000
vt 0.62500 0.90000
vt 0.62500 0.00000
vt 0.68750 0.00000
vt 0.68750 0.12000
vt 0.62500 0.12000
vt 0.50000 0.50000
vt 0.62500 0.90000
vt 0.68750 0.90000
vt 0.68750 0.00000
vt 0.75000 0.00000
vt 0.75000 0.12000
vt 0.68750 0.12000
vt 0.50000 0.50000
vt 0.68750 0.90000
vt 0.75000 0.90000
vt 0.75000 0.00000
vt 0.81250 0.00000
vt 0.81250 0.12000
vt 0.75000 0.12000
vt 0.50000 0.50000
vt 0.75000 0.90000
vt 0.81250 0.90000
vt 0.81250 0.00000
vt 0.87500 0.00000
vt 0.87500 0.12000
vt 0.81250 0.12000
vt 0.50000 0.50000
vt 0.81250 0.90000
vt 0.87500 0.90000
vt 0.87500 0.00000
vt 0.93750 0.00000
vt 0.93750 0.12000
vt 0.87500 0.12000
vt 0.50000 0.50000
vt 0.87500 0.90000
vt 0.93750 0.90000
vt 0.93750 0.00000
vt 1.00000 0.00000
vt 1.00000 0.12000
vt 0.93750 0.12000
vt 0.50000 0.50000
vt 0.93750 0.90000
vt 1.00000 0.90000
vt 0.00000 0.12000
vt 0.06250 0.12000
vt 0.06250 0.52000
vt 0.00000 0.52000
vt 0.50000 0.50000
vt 0.00000 0.90000
vt 0.06250 0.90000
vt 0.06250 0.12000
vt 0.12500 0.12000
vt 0.12500 0.52000
vt 0.06250 0.52000
vt 0.50000 0.50000
vt 0.06250 0.90000
vt 0.12500 0.90000
vt 0.12500 0.12000
vt 0.18750 0.12000
vt 0.18750 0.52000
vt 0.12500 0.52000
vt 0.50000 0.50000
vt 0.12500 0.90000
vt 0.18750 0.90000
vt 0.18750 0.12000
vt 0.25000 0.12000
vt 0.25000 0.52000
vt 0.18750 0.52000
vt 0.50000 0.50000
vt 0.18750 0.90000
vt 0.25000 0.90000
vt 0.25000 0.12000
vt 0.31250 0.12000
vt 0.31250 0.52000
vt 0.25000 0.52000
vt 0.50000 0.50000
vt 0.25000 0.90000
vt 0.31250 0.90000
vt 0.31250 0.12000
vt 0.37500 0.12000
vt 0.37500 0.52000
vt 0.31250 0.52000
vt 0.50000 0.50000
vt 0.31250 0.90000
vt 0.37500 0.90000
vt 0.37500 0.12000
vt 0.43750 0.12000
vt 0.43750 0.52000
vt 0.37500 0.52000
vt 0.50000 0.50000
vt 0.37500 0.90000
vt 0.43750 0.90000
vt 0.43750 0.12000
vt 0.50000 0.12000
vt 0.50000 0.52000
vt 0.43750 0.52000
vt 0.50000 0.50000
vt 0.43750 0.90000
vt 0.50000 0.90000
vt 0.50000 0.12000
vt 0.56250 0.12000
vt 0.56250 0.52000
vt 0.50000 0.52000
vt 0.50000 0.50000
vt 0.50000 0.90000
vt 0.56250 0.90000
vt 0.56250 0.12000
vt 0.62500 0.12000
vt 0.62500 0.52000
vt 0.56250 0.52000
vt 0.50000 0.50000
vt 0.56250 0.90000
vt 0.62500 0.90000
vt 0.62500 0.12000
vt 0.68750 0.12000
vt 0.68750 0.52000
vt 0.62500 0.52000
vt 0.50000 0.50000
vt 0.62500 0.90000
vt 0.68750 0.90000
vt 0.68750 0.12000
vt 0.75000 0.12000
vt 0.75000 0.52000
vt 0.68750 0.52000
vt 0.50000 0.50000
vt 0.68750 0.90000
vt 0.75000 0.90000
vt 0.75000 0.12000
vt 0.81250 0.12000
vt 0.81250 0.52000
vt 0.75000 0.52000
vt 0.50000 0.50000
vt 0.75000 0.90000
vt 0.81250 0.90000
vt 0.81250 0.12000
vt 0.87500 0.12000
vt 0.87500 0.52000
vt 0.81250 0.52000
vt 0.50000 0.50000
vt 0.81250 0.90000
vt 0.87500 0.90000
vt 0.87500 0.12000
vt 0.93750 0.12000
vt 0.93750 0.52000
vt 0.87500 0.52000
vt 0.50000 0.50000
vt 0.87500 0.90000
vt 0.93750 0.90000
vt 0.93750 0.12000
vt 1.00000 0.12000
vt 1.00000 0.52000
vt 0.93750 0.52000
vt 0.50000 0.50000
vt 0.93750 0.90000
vt 1.00000 0.90000
vt 0.00000 0.48000
vt 0.06250 0.48000
vt 0.06250 0.56000
vt 0.00000 0.56000
vt 0.50000 0.50000
vt 0.00000 0.90000
vt 0.06250 0.90000
vt 0.06250 0.48000
vt 0.12500 0.48000
vt 0.12500 0.56000
vt 0.06250 0.56000
vt 0.50000 0.50000
vt 0.06250 0.90000
vt 0.12500 0.90000
vt 0.12500 0.48000
vt 0.18750 0.48000
vt 0.18750 0.56000
vt 0.12500 0.56000
vt 0.50000 0.50000
vt 0.12500 0.90000
vt 0.18750 0.90000
vt 0.18750 0.48000
vt 0.25000 0.48000
vt 0.25000 0.56000
vt 0.18750 0.56000
vt 0.50000 0.50000
vt 0.18750 0.90000
vt 0.25000 0.90000
vt 0.25000 0.48000
vt 0.31250 0.48000
vt 0.31250 0.56000
vt 0.25000 0.56000
vt 0.50000 0.50000
vt 0.25000 0.90000
vt 0.31250 0.90000
vt 0.31250 0.48000
vt 0.37500 0.48000
vt 0.37500 0.56000
vt 0.31250 0.56000
vt 0.50000 0.50000
vt 0.31250 0.90000
vt 0.37500 0.90000
vt 0.37500 0.48000
vt 0.43750 0.48000
vt 0.43750 0.56000
vt 0.37500 0.56000
vt 0.50000 0.50000
vt 0.37500 0.90000
vt 0.43750 0.90000
vt 0.43750 0.48000
vt 0.50000 0.48000
vt 0.50000 0.56000
vt 0.43750 0.56000
vt 0.50000 0.50000
vt 0.43750 0.90000
vt 0.50000 0.90000
vt 0.50000 0.48000
vt 0.56250 0.48000
vt 0.56250 0.56000
vt 0.50000 0.56000
vt 0.50000 0.50000
vt 0.50000 0.90000
vt 0.56250 0.90000
vt 0.56250 0.48000
vt 0.62500 0.48000
vt 0.62500 0.56000
vt 0.56250 0.56000
vt 0.50000 0.50000
vt 0.56250 0.90000
vt 0.62500 0.90000
vt 0.62500 0.48000
vt 0.68750 0.48000
vt 0.68750 0.56000
vt 0.62500 0.56000
vt 0.50000 0.50000
vt 0.62500 0.90000
vt 0.68750 0.90000
vt 0.68750 0.48000
vt 0.75000 0.48000
vt 0.75000 0.56000
vt 0.68750 0.56000
vt 0.50000 0.50000
vt 0.68750 0.90000
vt 0.75000 0.90000
vt 0.75000 0.48000
vt 0.81250 0.48000
vt 0.81250 0.56000
vt 0.75000 0.56000
vt 0.50000 0.50000
vt 0.75000 0.90000
vt 0.81250 0.90000
vt 0.81250 0.48000
vt 0.87500 0.48000
vt 0.87500 0.56000
vt 0.81250 0.56000
vt 0.50000 0.50000
vt 0.81250 0.90000
vt 0.87500 0.90000
vt 0.87500 0.48000
vt 0.93750 0.48000
vt 0.93750 0.56000
vt 0.87500 0.56000
vt 0.50000 0.50000
vt 0.87500 0.90000
vt 0.93750 0.90000
vt 0.93750 0.48000
vt 1.00000 0.48000
vt 1.00000 0.56000
vt 0.93750 0.56000
vt 0.50000 0.50000
vt 0.93750 0.90000
vt 1.00000 0.90000
vt 0.03125 0.00000
vt 0.00000 0.12500
vt 0.06250 0.12500
vt 0.09375 0.00000
vt 0.06250 0.12500
vt 0.12500 0.12500
vt 0.15625 0.00000
vt 0.12500 0.12500
vt 0.18750 0.12500
vt 0.21875 0.00000
vt 0.18750 0.12500
vt 0.25000 0.12500
vt 0.28125 0.00000
vt 0.25000 0.12500
vt 0.31250 0.12500
vt 0.34375 0.00000
vt 0.31250 0.12500
vt 0.37500 0.12500
vt 0.40625 0.00000
vt 0.37500 0.12500
vt 0.43750 0.12500
vt 0.46875 0.00000
vt 0.43750 0.12500
vt 0.50000 0.12500
vt 0.53125 0.00000
vt 0.50000 0.12500
vt 0.56250 0.12500
vt 0.59375 0.00000
vt 0.56250 0.12500
vt 0.62500 0.12500
vt 0.65625 0.00000
vt 0.62500 0.12500
vt 0.68750 0.12500
vt 0.71875 0.00000
vt 0.68750 0.12500
vt 0.75000 0.12500
vt 0.78125 0.00000
vt 0.75000 0.12500
vt 0.81250 0.12500
vt 0.84375 0.00000
vt 0.81250 0.12500
vt 0.87500 0.12500
vt 0.90625 0.00000
vt 0.87500 0.12500
vt 0.93750 0.12500
vt 0.96875 0.00000
vt 0.93750 0.12500
vt 1.00000 0.12500
vt 0.00000 0.12500
vt 0.06250 0.12500
vt 0.00000 0.25000
vt 0.06250 0.25000
vt 0.06250 0.12500
vt 0.12500 0.12500
vt 0.06250 0.25000
vt 0.12500 0.25000
vt 0.12500 0.12500
vt 0.18750 0.12500
vt 0.12500 0.25000
vt 0.18750 0.25000
vt 0.18750 0.12500
vt 0.25000 0.12500
vt 0.18750 0.25000
vt 0.25000 0.25000
vt 0.25000 0.12500
vt 0.31250 0.12500
vt 0.25000 0.25000
vt 0.31250 0.25000
vt 0.31250 0.12500
vt 0.37500 0.12500
vt 0.31250 0.25000
vt 0.37500 0.25000
vt 0.37500 0.12500
vt 0.43750 0.12500
vt 0.37500 0.25000
vt 0.43750 0.25000
vt 0.43750 0.12500
vt 0.50000 0.12500
vt 0.43750 0.25000
vt 0.50000 0.25000
vt 0.50000 0.12500
vt 0.56250 0.12500
vt 0.50000 0.25000
vt 0.56250 0.25000
vt 0.56250 0.12500
vt 0.62500 0.12500
vt 0.56250 0.25000
vt 0.62500 0.25000
vt 0.62500 0.12500
vt 0.68750 0.12500
vt 0.62500 0.25000
vt 0.68750 0.25000
vt 0.68750 0.12500
vt 0.75000 0.12500
vt 0.68750 0.25000
vt 0.75000 0.25000
vt 0.75000 0.12500
vt 0.81250 0.12500
vt 0.75000 0.25000
vt 0.81250 0.25000
vt 0.81250 0.12500
vt 0.87500 0.12500
vt 0.81250 0.25000
vt 0.87500 0.25000
vt 0.87500 0.12500
vt 0.93750 0.12500
vt 0.87500 0.25000
vt 0.93750 0.25000
vt 0.93750 0.12500
vt 1.00000 0.12500
vt 0.93750 0.25000
vt 1.00000 0.25000
vt 0.00000 0.25000
vt 0.06250 0.25000
vt 0.00000 0.37500
vt 0.06250 0.37500
vt 0.06250 0.25000
vt 0.12500 0.25000
vt 0.06250 0.37500
vt 0.12500 0.37500
vt 0.12500 0.25000
vt 0.18750 0.25000
vt 0.12500 0.37500
vt 0.18750 0.37500
vt 0.18750 0.25000
vt 0.25000 0.25000
vt 0.18750 0.37500
vt 0.25000 0.37500
vt 0.25000 0.25000
vt 0.31250 0.25000
vt 0.25000 0.37500
vt 0.31250 0.37500
vt 0.31250 0.25000
vt 0.37500 0.25000
vt 0.31250 0.37500
vt 0.37500 0.37500
vt 0.37500 0.25000
vt 0.43750 0.25000
vt 0.37500 0.37500
vt 0.43750 0.37500
vt 0.43750 0.25000
vt 0.50000 0.25000
vt 0.43750 0.37500
vt 0.50000 0.37500
vt 0.50000 0.25000
vt 0.56250 0.25000
vt 0.50000 0.37500
vt 0.56250 0.37500
vt 0.56250 0.25000
vt 0.62500 0.25000
vt 0.56250 0.37500
vt 0.62500 0.37500
vt 0.62500 0.25000
vt 0.68750 0.25000
vt 0.62500 0.37500
vt 0.68750 0.37500
vt 0.68750 0.25000
vt 0.75000 0.25000
vt 0.68750 0.37500
vt 0.75000 0.37500
vt 0.75000 0.25000
vt 0.81250 0.25000
vt 0.75000 0.37500
vt 0.81250 0.37500
vt 0.81250 0.25000
vt 0.87500 0.25000
vt 0.81250 0.37500
vt 0.87500 0.37500
vt 0.87500 0.25000
vt 0.93750 0.25000
vt 0.87500 0.37500
vt 0.93750 0.37500
vt 0.93750 0.25000
vt 1.00000 0.25000
vt 0.93750 0.37500
vt 1.00000 0.37500
vt 0.00000 0.37500
vt 0.06250 0.37500
vt 0.00000 0.50000
vt 0.06250 0.50000
vt 0.06250 0.37500
vt 0.12500 0.37500
vt 0.06250 0.50000
vt 0.12500 0.50000
vt 0.12500 0.37500
vt 0.18750 0.37500
vt 0.12500 0.50000
vt 0.18750 0.50000
vt 0.18750 0.37500
vt 0.25000 0.37500
vt 0.18750 0.50000
vt 0.25000 0.50000
vt 0.25000 0.37500
vt 0.31250 0.37500
vt 0.25000 0.50000
vt 0.31250 0.50000
vt 0.31250 0.37500
vt 0.37500 0.37500
vt 0.31250 0.50000
vt 0.37500 0.50000
vt 0.37500 0.37500
vt 0.43750 0.37500
vt 0.37500 0.50000
vt 0.43750 0.50000
vt 0.43750 0.37500
vt 0.50000 0.37500
vt 0.43750 0.50000
vt 0.50000 0.50000
vt 0.50000 0.37500
vt 0.56250 0.37500
vt 0.50000 0.50000
vt 0.56250 0.50000
vt 0.56250 0.37500
vt 0.62500 0.37500
vt 0.56250 0.50000
vt 0.62500 0.50000
vt 0.62500 0.37500
vt 0.68750 0.37500
vt 0.62500 0.50000
vt 0.68750 0.50000
vt 0.68750 0.37500
vt 0.75000 0.37500
vt 0.68750 0.50000
vt 0.75000 0.50000
vt 0.75000 0.37500
vt 0.81250 0.37500
vt 0.75000 0.50000
vt 0.81250 0.50000
vt 0.81250 0.37500
vt 0.87500 0.37500
vt 0.81250 0.50000
vt 0.87500 0.50000
vt 0.87500 0.37500
vt 0.93750 0.37500
vt 0.87500 0.50000
vt 0.93750 0.50000
vt 0.93750 0.37500
vt 1.00000 0.37500
vt 0.93750 0.50000
vt 1.00000 0.50000
vt 0.00000 0.50000
vt 0.06250 0.50000
vt 0.00000 0.62500
vt 0.06250 0.62500
vt 0.06250 0.50000
vt 0.12500 0.50000
vt 0.06250 0.62500
vt 0.12500 0.62500
vt 0.12500 0.50000
vt 0.18750 0.50000
vt 0.12500 0.62500
vt 0.18750 0.62500
vt 0.18750 0.50000
vt 0.25000 0.50000
vt 0.18750 0.62500
vt 0.25000 0.62500
vt 0.25000 0.50000
vt 0.31250 0.50000
vt 0.25000 0.62500
vt 0.31250 0.62500
vt 0.31250 0.50000
vt 0.37500 0.50000
vt 0.31250 0.62500
vt 0.37500 0.62500
vt 0.37500 0.50000
vt 0.43750 0.50000
vt 0.37500 0.62500
vt 0.43750 0.62500
vt 0.43750 0.50000
vt 0.50000 0.50000
vt 0.43750 0.62500
vt 0.50000 0.62500
vt 0.50000 0.50000
vt 0.56250 0.50000
vt 0.50000 0.62500
vt 0.56250 0.62500
vt 0.56250 0.50000
vt 0.62500 0.50000
vt 0.56250 0.62500
vt 0.62500 0.62500
vt 0.62500 0.50000
vt 0.68750 0.50000
vt 0.62500 0.62500
vt 0.68750 0.62500
vt 0.68750 0.50000
vt 0.75000 0.50000
vt 0.68750 0.62500
vt 0.75000 0.62500
vt 0.75000 0.50000
vt 0.81250 0.50000
vt 0.75000 0.62500
vt 0.81250 0.62500
vt 0.81250 0.50000
vt 0.87500 0.50000
vt 0.81250 0.62500
vt 0.87500 0.62500
vt 0.87500 0.50000
vt 0.93750 0.50000
vt 0.87500 0.62500
vt 0.93750 0.62500
vt 0.93750 0.50000
vt 1.00000 0.50000
vt 0.93750 0.62500
vt 1.00000 0.62500
vt 0.00000 0.62500
vt 0.06250 0.62500
vt 0.00000 0.75000
vt 0.06250 0.75000
vt 0.06250 0.62500
vt 0.12500 0.62500
vt 0.06250 0.75000
vt 0.12500 0.75000
vt 0.12500 0.62500
vt 0.18750 0.62500
vt 0.12500 0.75000
vt 0.18750 0.75000
vt 0.18750 0.62500
vt 0.25000 0.62500
vt 0.18750 0.75000
vt 0.25000 0.75000
vt 0.25000 0.62500
vt 0.31250 0.62500
vt 0.25000 0.75000
vt 0.31250 0.75000
vt 0.31250 0.62500
vt 0.37500 0.62500
vt 0.31250 0.75000
vt 0.37500 0.75000
vt 0.37500 0.62500
vt 0.43750 0.62500
vt 0.37500 0.75000
vt 0.43750 0.75000
vt 0.43750 0.62500
vt 0.50000 0.62500
vt 0.43750 0.75000
vt 0.50000 0.75000
vt 0.50000 0.62500
vt 0.56250 0.62500
vt 0.50000 0.75000
vt 0.56250 0.75000
vt 0.56250 0.62500
vt 0.62500 0.62500
vt 0.56250 0.75000
vt 0.62500 0.75000
vt 0.62500 0.62500
vt 0.68750 0.62500
vt 0.62500 0.75000
vt 0.68750 0.75000
vt 0.68750 0.62500
vt 0.75000 0.62500
vt 0.68750 0.75000
vt 0.75000 0.75000
vt 0.75000 0.62500
vt 0.81250 0.62500
vt 0.75000 0.75000
vt 0.81250 0.75000
vt 0.81250 0.62500
vt 0.87500 0.62500
vt 0.81250 0.75000
vt 0.87500 0.75000
vt 0.87500 0.62500
vt 0.93750 0.62500
vt 0.87500 0.75000
vt 0.93750 0.75000
vt 0.93750 0.62500
vt 1.00000 0.62500
vt 0.93750 0.75000
vt 1.00000 0.75000
vt 0.00000 0.75000
vt 0.06250 0.75000
vt 0.00000 0.87500
vt 0.06250 0.87500
vt 0.06250 0.75000
vt 0.12500 0.75000
vt 0.06250 0.87500
vt 0.12500 0.87500
vt 0.12500 0.75000
vt 0.18750 0.75000
vt 0.12500 0.87500
vt 0.18750 0.87500
vt 0.18750 0.75000
vt 0.25000 0.75000
vt 0.18750 0.87500
vt 0.25000 0.87500
vt 0.25000 0.75000
vt 0.31250 0.75000
vt 0.25000 0.87500
vt 0.31250 0.87500
vt 0.31250 0.75000
vt 0.37500 0.75000
vt 0.31250 0.87500
vt 0.37500 0.87500
vt 0.37500 0.75000
vt 0.43750 0.75000
vt 0.37500 0.87500
vt 0.43750 0.87500
vt 0.43750 0.75000
vt 0.50000 0.75000
vt 0.43750 0.87500
vt 0.50000 0.87500
vt 0.50000 0.75000
vt 0.56250 0.75000
vt 0.50000 0.87500
vt 0.56250 0.87500
vt 0.56250 0.75000
vt 0.62500 0.75000
vt 0.56250 0.87500
vt 0.62500 0.87500
vt 0.62500 0.75000
vt 0.68750 0.75000
vt 0.62500 0.87500
vt 0.68750 0.87500
vt 0.68750 0.75000
vt 0.75000 0.75000
vt 0.68750 0.87500
vt 0.75000 0.87500
vt 0.75000 0.75000
vt 0.81250 0.75000
vt 0.75000 0.87500
vt 0.81250 0.87500
vt 0.81250 0.75000
vt 0.87500 0.75000
vt 0.81250 0.87500
vt 0.87500 0.87500
vt 0.87500 0.75000
vt 0.93750 0.75000
vt 0.87500 0.87500
vt 0.93750 0.87500
vt 0.93750 0.75000
vt 1.00000 0.75000
vt 0.93750 0.87500
vt 1.00000 0.87500
vt 0.03125 1.00000
vt 0.00000 0.87500
vt 0.06250 769.00000
vt 0.09375 1.00000
vt 0.06250 0.87500
vt 0.12500 772.00000
vt 0.15625 1.00000
vt 0.12500 0.87500
vt 0.18750 775.00000
vt 0.21875 1.00000
vt 0.18750 0.87500
vt 0.25000 778.00000
vt 0.28125 1.00000
vt 0.25000 0.87500
vt 0.31250 781.00000
vt 0.34375 1.00000
vt 0.31250 0.87500
vt 0.37500 784.00000
vt 0.40625 1.00000
vt 0.37500 0.87500
vt 0.43750 787.00000
vt 0.46875 1.00000
vt 0.43750 0.87500
vt 0.50000 790.00000
vt 0.53125 1.00000
vt 0.50000 0.87500
vt 0.56250 793.00000
vt 0.59375 1.00000
vt 0.56250 0.87500
vt 0.62500 796.00000
vt 0.65625 1.00000
vt 0.62500 0.87500
vt 0.68750 799.00000
vt 0.71875 1.00000
vt 0.68750 0.87500
vt 0.75000 802.00000
vt 0.78125 1.00000
vt 0.75000 0.87500
vt 0.81250 805.00000
vt 0.84375 1.00000
vt 0.81250 0.87500
vt 0.87500 808.00000
vt 0.90625 1.00000
vt 0.87500 0.87500
vt 0.93750 811.00000
vt 0.96875 1.00000
vt 0.93750 0.87500
vt 1.00000 814.00000
vt 0.50000 0.50000
vt 0.50000 0.50000
vt 0.50000 0.50000
vt 0.50000 0.50000
vt 0.50000 0.50000
vt 0.50000 0.50000
vt 0.50000 0.50000
vt 0.50000 0.50000
vt 0.00000 0.88000
vt 0.12500 0.88000
vt 0.12500 1.06000
vt 0.00000 1.06000
vt 0.50000 0.50000
vt 0.00000 0.90000
vt 0.12500 0.90000
vt 0.12500 0.88000
vt 0.25000 0.88000
vt 0.25000 1.06000
vt 0.12500 1.06000
vt 0.50000 0.50000
vt 0.12500 0.90000
vt 0.25000 0.90000
vt 0.25000 0.88000
vt 0.37500 0.88000
vt 0.37500 1.06000
vt 0.25000 1.06000
vt 0.50000 0.50000
vt 0.25000 0.90000
vt 0.37500 0.90000
vt 0.37500 0.88000
vt 0.50000 0.88000
vt 0.50000 1.06000
vt 0.37500 1.06000
vt 0.50000 0.50000
vt 0.37500 0.90000
vt 0.50000 0.90000
vt 0.50000 0.88000
vt 0.62500 0.88000
vt 0.62500 1.06000
vt 0.50000 1.06000
vt 0.50000 0.50000
vt 0.50000 0.90000
vt 0.62500 0.90000
vt 0.62500 0.88000
vt 0.75000 0.88000
vt 0.75000 1.06000
vt 0.62500 1.06000
vt 0.50000 0.50000
vt 0.62500 0.90000
vt 0.75000 0.90000
vt 0.75000 0.88000
vt 0.87500 0.88000
vt 0.87500 1.06000
vt 0.75000 1.06000
vt 0.50000 0.50000
vt 0.75000 0.90000
vt 0.87500 0.90000
vt 0.87500 0.88000
vt 1.00000 0.88000
vt 1.00000 1.06000
vt 0.87500 1.06000
vt 0.50000 0.50000
vt 0.87500 0.90000
vt 1.00000 0.90000
vt 0.50000 0.50000
vt 0.50000 0.50000
vt 0.50000 0.50000
vt 0.50000 0.50000
vt 0.50000 0.50000
vt 0.50000 0.50000
vt 0.50000 0.50000
vt 0.50000 0.50000
vt 0.00000 0.30000
vt 0.10000 0.30000
vt 0.10000 0.48000
vt 0.00000 0.48000
vt 0.50000 0.50000
vt 0.00000 0.90000
vt 0.10000 0.90000
vt 0.10000 0.30000
vt 0.20000 0.30000
vt 0.20000 0.48000
vt 0.10000 0.48000
vt 0.50000 0.50000
vt 0.10000 0.90000
vt 0.20000 0.90000
vt 0.20000 0.30000
vt 0.30000 0.30000
vt 0.30000 0.48000
vt 0.20000 0.48000
vt 0.50000 0.50000
vt 0.20000 0.90000
vt 0.30000 0.90000
vt 0.30000 0.30000
vt 0.40000 0.30000
vt 0.40000 0.48000
vt 0.30000 0.48000
vt 0.50000 0.50000
vt 0.30000 0.90000
vt 0.40000 0.90000
vt 0.40000 0.30000
vt 0.50000 0.30000
vt 0.50000 0.48000
vt 0.40000 0.48000
vt 0.50000 0.50000
vt 0.40000 0.90000
vt 0.50000 0.90000
vt 0.50000 0.30000
vt 0.60000 0.30000
vt 0.60000 0.48000
vt 0.50000 0.48000
vt 0.50000 0.50000
vt 0.50000 0.90000
vt 0.60000 0.90000
vt 0.60000 0.30000
vt 0.70000 0.30000
vt 0.70000 0.48000
vt 0.60000 0.48000
vt 0.50000 0.50000
vt 0.60000 0.90000
vt 0.70000 0.90000
vt 0.70000 0.30000
vt 0.80000 0.30000
vt 0.80000 0.48000
vt 0.70000 0.48000
vt 0.50000 0.50000
vt 0.70000 0.90000
vt 0.80000 0.90000
vt 0.80000 0.30000
vt 0.90000 0.30000
vt 0.90000 0.48000
vt 0.80000 0.48000
vt 0.50000 0.50000
vt 0.80000 0.90000
vt 0.90000 0.90000
vt 0.90000 0.30000
vt 1.00000 0.30000
vt 1.00000 0.48000
vt 0.90000 0.48000
vt 0.50000 0.50000
vt 0.90000 0.90000
vt 1.00000 0.90000
vt 0.00000 0.30000
vt 0.10000 0.30000
vt 0.10000 0.48000
vt 0.00000 0.48000
vt 0.50000 0.50000
vt 0.00000 0.90000
vt 0.10000 0.90000
vt 0.10000 0.30000
vt 0.20000 0.30000
vt 0.20000 0.48000
vt 0.10000 0.48000
vt 0.50000 0.50000
vt 0.10000 0.90000
vt 0.20000 0.90000
vt 0.20000 0.30000
vt 0.30000 0.30000
vt 0.30000 0.48000
vt 0.20000 0.48000
vt 0.50000 0.50000
vt 0.20000 0.90000
vt 0.30000 0.90000
vt 0.30000 0.30000
vt 0.40000 0.30000
vt 0.40000 0.48000
vt 0.30000 0.48000
vt 0.50000 0.50000
vt 0.30000 0.90000
vt 0.40000 0.90000
vt 0.40000 0.30000
vt 0.50000 0.30000
vt 0.50000 0.48000
vt 0.40000 0.48000
vt 0.50000 0.50000
vt 0.40000 0.90000
vt 0.50000 0.90000
vt 0.50000 0.30000
vt 0.60000 0.30000
vt 0.60000 0.48000
vt 0.50000 0.48000
vt 0.50000 0.50000
vt 0.50000 0.90000
vt 0.60000 0.90000
vt 0.60000 0.30000
vt 0.70000 0.30000
vt 0.70000 0.48000
vt 0.60000 0.48000
vt 0.50000 0.50000
vt 0.60000 0.90000
vt 0.70000 0.90000
vt 0.70000 0.30000
vt 0.80000 0.30000
vt 0.80000 0.48000
vt 0.70000 0.48000
vt 0.50000 0.50000
vt 0.70000 0.90000
vt 0.80000 0.90000
vt 0.80000 0.30000
vt 0.90000 0.30000
vt 0.90000 0.48000
vt 0.80000 0.48000
vt 0.50000 0.50000
vt 0.80000 0.90000
vt 0.90000 0.90000
vt 0.90000 0.30000
vt 1.00000 0.30000
vt 1.00000 0.48000
vt 0.90000 0.48000
vt 0.50000 0.50000
vt 0.90000 0.90000
vt 1.00000 0.90000
vt 0.00000 0.15000
vt 0.12500 0.15000
vt 0.12500 1.05000
vt 0.00000 1.05000
vt 0.50000 0.50000
vt 0.00000 0.90000
vt 0.12500 0.90000
vt 0.12500 0.15000
vt 0.25000 0.15000
vt 0.25000 1.05000
vt 0.12500 1.05000
vt 0.50000 0.50000
vt 0.12500 0.90000
vt 0.25000 0.90000
vt 0.25000 0.15000
vt 0.37500 0.15000
vt 0.37500 1.05000
vt 0.25000 1.05000
vt 0.50000 0.50000
vt 0.25000 0.90000
vt 0.37500 0.90000
vt 0.37500 0.15000
vt 0.50000 0.15000
vt 0.50000 1.05000
vt 0.37500 1.05000
vt 0.50000 0.50000
vt 0.37500 0.90000
vt 0.50000 0.90000
vt 0.50000 0.15000
vt 0.62500 0.15000
vt 0.62500 1.05000
vt 0.50000 1.05000
vt 0.50000 0.50000
vt 0.50000 0.90000
vt 0.62500 0.90000
vt 0.62500 0.15000
vt 0.75000 0.15000
vt 0.75000 1.05000
vt 0.62500 1.05000
vt 0.50000 0.50000
vt 0.62500 0.90000
vt 0.75000 0.90000
vt 0.75000 0.15000
vt 0.87500 0.15000
vt 0.87500 1.05000
vt 0.75000 1.05000
vt 0.50000 0.50000
vt 0.75000 0.90000
vt 0.87500 0.90000
vt 0.87500 0.15000
vt 1.00000 0.15000
vt 1.00000 1.05000
vt 0.87500 1.05000
vt 0.50000 0.50000
vt 0.87500 0.90000
vt 1.00000 0.90000
vt 0.00000 0.92000
vt 0.12500 0.92000
vt 0.12500 1.02000
vt 0.00000 1.02000
vt 0.50000 0.50000
vt 0.00000 0.90000
vt 0.12500 0.90000
vt 0.12500 0.92000
vt 0.25000 0.92000
vt 0.25000 1.02000
vt 0.12500 1.02000
vt 0.50000 0.50000
vt 0.12500 0.90000
vt 0.25000 0.90000
vt 0.25000 0.92000
vt 0.37500 0.92000
vt 0.37500 1.02000
vt 0.25000 1.02000
vt 0.50000 0.50000
vt 0.25000 0.90000
vt 0.37500 0.90000
vt 0.37500 0.92000
vt 0.50000 0.92000
vt 0.50000 1.02000
vt 0.37500 1.02000
vt 0.50000 0.50000
vt 0.37500 0.90000
vt 0.50000 0.90000
vt 0.50000 0.92000
vt 0.62500 0.92000
vt 0.62500 1.02000
vt 0.50000 1.02000
vt 0.50000 0.50000
vt 0.50000 0.90000
vt 0.62500 0.90000
vt 0.62500 0.92000
vt 0.75000 0.92000
vt 0.75000 1.02000
vt 0.62500 1.02000
vt 0.50000 0.50000
vt 0.62500 0.90000
vt 0.75000 0.90000
vt 0.75000 0.92000
vt 0.87500 0.92000
vt 0.87500 1.02000
vt 0.75000 1.02000
vt 0.50000 0.50000
vt 0.75000 0.90000
vt 0.87500 0.90000
vt 0.87500 0.92000
vt 1.00000 0.92000
vt 1.00000 1.02000
vt 0.87500 1.02000
vt 0.50000 0.50000
vt 0.87500 0.90000
vt 1.00000 0.90000
vn 0.16000 0.00000 0.00000
vn 0.14782 0.00000 0.06123
vn 0.14782 0.00000 0.06123
vn 0.16000 0.00000 0.00000
vn 0.00000 1.00000 0.00000
vn 0.00000 1.00000 0.00000
vn 0.00000 1.00000 0.00000
vn 0.14782 0.00000 0.06123
vn 0.11314 0.00000 0.11314
vn 0.11314 0.00000 0.11314
vn 0.14782 0.00000 0.06123
vn 0.00000 1.00000 0.00000
vn 0.00000 1.00000 0.00000
vn 0.00000 1.00000 0.00000
vn 0.11314 0.00000 0.11314
vn 0.06123 0.00000 0.14782
vn 0.06123 0.00000 0.14782
vn 0.11314 0.00000 0.11314
vn 0.00000 1.00000 0.00000
vn 0.00000 1.00000 0.00000
vn 0.00000 1.00000 0.00000
vn 0.06123 0.00000 0.14782
vn 0.00000 0.00000 0.16000
vn 0.00000 0.00000 0.16000
vn 0.06123 0.00000 0.14782
vn 0.00000 1.00000 0.00000
vn 0.00000 1.00000 0.00000
vn 0.00000 1.00000 0.00000
vn 0.00000 0.00000 0.16000
vn -0.06123 0.00000 0.14782
vn -0.06123 0.00000 0.14782
vn 0.00000 0.00000 0.16000
vn 0.00000 1.00000 0.00000
vn 0.00000 1.00000 0.00000
vn 0.00000 1.00000 0.00000
vn -0.06123 0.00000 0.14782
vn -0.11314 0.00000 0.11314
vn -0.11314 0.00000 0.11314
vn -0.06123 0.00000 0.14782
vn 0.00000 1.00000 0.00000
vn 0.00000 1.00000 0.00000
vn 0.00000 1.00000 0.00000
vn -0.11314 0.00000 0.11314
vn -0.14782 0.00000 0.06123
vn -0.14782 0.00000 0.06123
vn -0.11314 0.00000 0.11314
vn 0.00000 1.00000 0.00000
vn 0.00000 1.00000 0.00000
vn 0.00000 1.00000 0.00000
vn -0.14782 0.00000 0.06123
vn -0.16000 0.00000 0.00000
vn -0.16000 0.00000 0.00000
vn -0.14782 0.00000 0.06123
vn 0.00000 1.00000 0.00000
vn 0.00000 1.00000 0.00000
vn 0.00000 1.00000 0.00000
vn -0.16000 0.00000 0.00000
vn -0.14782 0.00000 -0.06123
vn -0.14782 0.00000 -0.06123
vn -0.16000 0.00000 0.00000
vn 0.00000 1.00000 0.00000
vn 0.00000 1.00000 0.00000
vn 0.00000 1.00000 0.00000
vn -0.14782 0.00000 -0.06123
vn -0.11314 0.00000 -0.11314
vn -0.11314 0.00000 -0.11314
vn -0.14782 0.00000 -0.06123
vn 0.00000 1.00000 0.00000
vn 0.00000 1.00000 0.00000
vn 0.00000 1.00000 0.00000
vn -0.11314 0.00000 -0.11314
vn -0.06123 0.00000 -0.14782
vn -0.06123 0.00000 -0.14782
vn -0.11314 0.00000 -0.11314
vn 0.00000 1.00000 0.00000
vn 0.00000 1.00000 0.00000
vn 0.00000 1.00000 0.00000
vn -0.06123 0.00000 -0.14782
vn -0.00000 0.00000 -0.16000
vn -0.00000 0.00000 -0.16000
vn -0.06123 0.00000 -0.14782
vn 0.00000 1.00000 0.00000
vn 0.00000 1.00000 0.00000
vn 0.00000 1.00000 0.00000
vn -0.00000 0.00000 -0.16000
vn 0.06123 0.00000 -0.14782
vn 0.06123 0.00000 -0.14782
vn -0.00000 0.00000 -0.16000
vn 0.00000 1.00000 0.00000
vn 0.00000 1.00000 0.00000
vn 0.00000 1.00000 0.00000
vn 0.06123 0.00000 -0.14782
vn 0.11314 0.00000 -0.11314
vn 0.11314 0.00000 -0.11314
vn 0.06123 0.00000 -0.14782
vn 0.00000 1.00000 0.00000
vn 0.00000 1.00000 0.00000
vn 0.00000 1.00000 0.00000
vn 0.11314 0.00000 -0.11314
vn 0.14782 0.00000 -0.06123
vn 0.14782 0.00000 -0.06123
vn 0.11314 0.00000 -0.11314
vn 0.00000 1.00000 0.00000
vn 0.00000 1.00000 0.00000
vn 0.00000 1.00000 0.00000
vn 0.14782 0.00000 -0.06123
vn 0.16000 0.00000 -0.00000
vn 0.16000 0.00000 -0.00000
vn 0.14782 0.00000 -0.06123
vn 0.00000 1.00000 0.00000
vn 0.00000 1.00000 0.00000
vn 0.00000 1.00000 0.00000
vn 0.22000 0.00000 0.00000
vn 0.20325 0.00000 0.08419
vn 0.20325 0.00000 0.08419
vn 0.22000 0.00000 0.00000
vn 0.00000 1.00000 0.00000
vn 0.00000 1.00000 0.00000
vn 0.00000 1.00000 0.00000
vn 0.20325 0.00000 0.08419
vn 0.15556 0.00000 0.15556
vn 0.15556 0.00000 0.15556
vn 0.20325 0.00000 0.08419
vn 0.00000 1.00000 0.00000
vn 0.00000 1.00000 0.00000
vn 0.00000 1.00000 0.00000
vn 0.15556 0.00000 0.15556
vn 0.08419 0.00000 0.20325
vn 0.08419 0.00000 0.20325
vn 0.15556 0.00000 0.15556
vn 0.00000 1.00000 0.00000
vn 0.00000 1.00000 0.00000
vn 0.00000 1.00000 0.00000
vn 0.08419 0.00000 0.20325
vn 0.00000 0.00000 0.22000
vn 0.00000 0.00000 0.22000
vn 0.08419 0.00000 0.20325
vn 0.00000 1.00000 0.00000
vn 0.00000 1.00000 0.00000
vn 0.00000 1.00000 0.00000
vn 0.00000 0.00000 0.22000
vn -0.08419 0.00000 0.20325
vn -0.08419 0.00000 0.20325
vn 0.00000 0.00000 0.22000
vn 0.00000 1.00000 0.00000
vn 0.00000 1.00000 0.00000
vn 0.00000 1.00000 0.00000
vn -0.08419 0.00000 0.20325
vn -0.15556 0.00000 0.15556
vn -0.15556 0.00000 0.15556
vn -0.08419 0.00000 0.20325
vn 0.00000 1.00000 0.00000
vn 0.00000 1.00000 0.00000
vn 0.00000 1.00000 0.00000
vn -0.15556 0.00000 0.15556
vn -0.20325 0.00000 0.08419
vn -0.20325 0.00000 0.08419
vn -0.15556 0.00000 0.15556
vn 0.00000 1.00000 0.00000
vn 0.00000 1.00000 0.00000
vn 0.00000 1.00000 0.00000
vn -0.20325 0.00000 0.08419
vn -0.22000 0.00000 0.00000
vn -0.22000 0.00000 0.00000
vn -0.20325 0.00000 0.08419
vn 0.00000 1.00000 0.00000
vn 0.00000 1.00000 0.00000
vn 0.00000 1.00000 0.00000
vn -0.22000 0.00000 0.00000
vn -0.20325 0.00000 -0.08419
vn -0.20325 0.00000 -0.08419
vn -0.22000 0.00000 0.00000
vn 0.00000 1.00000 0.00000
vn 0.00000 1.00000 0.00000
vn 0.00000 1.00000 0.00000
vn -0.20325 0.00000 -0.08419
vn -0.15556 0.00000 -0.15556
vn -0.15556 0.00000 -0.15556
vn -0.20325 0.00000 -0.08419
vn 0.00000 1.00000 0.00000
vn 0.00000 1.00000 0.00000
vn 0.00000 1.00000 0.00000
vn -0.15556 0.00000 -0.15556
vn -0.08419 0.00000 -0.20325
vn -0.08419 0.00000 -0.20325
vn -0.15556 0.00000 -0.15556
vn 0.00000 1.00000 0.00000
vn 0.00000 1.00000 0.00000
vn 0.00000 1.00000 0.00000
vn -0.08419 0.00000 -0.20325
vn -0.00000 0.00000 -0.22000
vn -0.00000 0.00000 -0.22000
vn -0.08419 0.00000 -0.20325
vn 0.00000 1.00000 0.00000
vn 0.00000 1.00000 0.00000
vn 0.00000 1.00000 0.00000
vn -0.00000 0.00000 -0.22000
vn 0.08419 0.00000 -0.20325
vn 0.08419 0.00000 -0.20325
vn -0.00000 0.00000 -0.22000
vn 0.00000 1.00000 0.00000
vn 0.00000 1.00000 0.00000
vn 0.00000 1.00000 0.00000
vn 0.08419 0.00000 -0.20325
vn 0.15556 0.00000 -0.15556
vn 0.15556 0.00000 -0.15556
vn 0.08419 0.00000 -0.20325
vn 0.00000 1.00000 0.00000
vn 0.00000 1.00000 0.00000
vn 0.00000 1.00000 0.00000
vn 0.15556 0.00000 -0.15556
vn 0.20325 0.00000 -0.08419
vn 0.20325 0.00000 -0.08419
vn 0.15556 0.00000 -0.15556
vn 0.00000 1.00000 0.00000
vn 0.00000 1.00000 0.00000
vn 0.00000 1.00000 0.00000
vn 0.20325 0.00000 -0.08419
vn 0.22000 0.00000 -0.00000
vn 0.22000 0.00000 -0.00000
vn 0.20325 0.00000 -0.08419
vn 0.00000 1.00000 0.00000
vn 0.00000 1.00000 0.00000
vn 0.00000 1.00000 0.00000
vn 0.28000 0.00000 0.00000
vn 0.25869 0.00000 0.10715
vn 0.25869 0.00000 0.10715
vn 0.28000 0.00000 0.00000
vn 0.00000 1.00000 0.00000
vn 0.00000 1.00000 0.00000
vn 0.00000 1.00000 0.00000
vn 0.25869 0.00000 0.10715
vn 0.19799 0.00000 0.19799
vn 0.19799 0.00000 0.19799
vn 0.25869 0.00000 0.10715
vn 0.00000 1.00000 0.00000
vn 0.00000 1.00000 0.00000
vn 0.00000 1.00000 0.00000
vn 0.19799 0.00000 0.19799
vn 0.10715 0.00000 0.25869
vn 0.10715 0.00000 0.25869
vn 0.19799 0.00000 0.19799
vn 0.00000 1.00000 0.00000
vn 0.00000 1.00000 0.00000
vn 0.00000 1.00000 0.00000
vn 0.10715 0.00000 0.25869
vn 0.00000 0.00000 0.28000
vn 0.00000 0.00000 0.28000
vn 0.10715 0.00000 0.25869
vn 0.00000 1.00000 0.00000
vn 0.00000 1.00000 0.00000
vn 0.00000 1.00000 0.00000
vn 0.00000 0.00000 0.28000
vn -0.10715 0.00000 0.25869
vn -0.10715 0.00000 0.25869
vn 0.00000 0.00000 0.28000
vn 0.00000 1.00000 0.00000
vn 0.00000 1.00000 0.00000
vn 0.00000 1.00000 0.00000
vn -0.10715 0.00000 0.25869
vn -0.19799 0.00000 0.19799
vn -0.19799 0.00000 0.19799
vn -0.10715 0.00000 0.25869
vn 0.00000 1.00000 0.00000
vn 0.00000 1.00000 0.00000
vn 0.00000 1.00000 0.00000
vn -0.19799 0.00000 0.19799
vn -0.25869 0.00000 0.10715
vn -0.25869 0.00000 0.10715
vn -0.19799 0.00000 0.19799
vn 0.00000 1.00000 0.00000
vn 0.00000 1.00000 0.00000
vn 0.00000 1.00000 0.00000
vn -0.25869 0.00000 0.10715
vn -0.28000 0.00000 0.00000
vn -0.28000 0.00000 0.00000
vn -0.25869 0.00000 0.10715
vn 0.00000 1.00000 0.00000
vn 0.00000 1.00000 0.00000
vn 0.00000 1.00000 0.00000
vn -0.28000 0.00000 0.00000
vn -0.25869 0.00000 -0.10715
vn -0.25869 0.00000 -0.10715
vn -0.28000 0.00000 0.00000
vn 0.00000 1.00000 0.00000
vn 0.00000 1.00000 0.00000
vn 0.00000 1.00000 0.00000
vn -0.25869 0.00000 -0.10715
vn -0.19799 0.00000 -0.19799
vn -0.19799 0.00000 -0.19799
vn -0.25869 0.00000 -0.10715
vn 0.00000 1.00000 0.00000
vn 0.00000 1.00000 0.00000
vn 0.00000 1.00000 0.00000
vn -0.19799 0.00000 -0.19799
vn -0.10715 0.00000 -0.25869
vn -0.10715 0.00000 -0.25869
vn -0.19799 0.00000 -0.19799
vn 0.00000 1.00000 0.00000
vn 0.00000 1.00000 0.00000
vn 0.00000 1.00000 0.00000
vn -0.10715 0.00000 -0.25869
vn -0.00000 0.00000 -0.28000
vn -0.00000 0.00000 -0.28000
vn -0.10715 0.00000 -0.25869
vn 0.00000 1.00000 0.00000
vn 0.00000 1.00000 0.00000
vn 0.00000 1.00000 0.00000
vn -0.00000 0.00000 -0.28000
vn 0.10715 0.00000 -0.25869
vn 0.10715 0.00000 -0.25869
vn -0.00000 0.00000 -0.28000
vn 0.00000 1.00000 0.00000
vn 0.00000 1.00000 0.00000
vn 0.00000 1.00000 0.00000
vn 0.10715 0.00000 -0.25869
vn 0.19799 0.00000 -0.19799
vn 0.19799 0.00000 -0.19799
vn 0.10715 0.00000 -0.25869
vn 0.00000 1.00000 0.00000
vn 0.00000 1.00000 0.00000
vn 0.00000 1.00000 0.00000
vn 0.19799 0.00000 -0.19799
vn 0.25869 0.00000 -0.10715
vn 0.25869 0.00000 -0.10715
vn 0.19799 0.00000 -0.19799
vn 0.00000 1.00000 0.00000
vn 0.00000 1.00000 0.00000
vn 0.00000 1.00000 0.00000
vn 0.25869 0.00000 -0.10715
vn 0.28000 0.00000 -0.00000
vn 0.28000 0.00000 -0.00000
vn 0.25869 0.00000 -0.10715
vn 0.00000 1.00000 0.00000
vn 0.00000 1.00000 0.00000
vn 0.00000 1.00000 0.00000
vn 0.00000 1.00000 0.00000
vn 0.38268 0.92388 0.00000
vn 0.35355 0.92388 0.14645
vn 0.00000 1.00000 0.00000
vn 0.35355 0.92388 0.14645
vn 0.27060 0.92388 0.27060
vn 0.00000 1.00000 0.00000
vn 0.27060 0.92388 0.27060
vn 0.14645 0.92388 0.35355
vn 0.00000 1.00000 0.00000
vn 0.14645 0.92388 0.35355
vn 0.00000 0.92388 0.38268
vn -0.00000 1.00000 0.00000
vn 0.00000 0.92388 0.38268
vn -0.14645 0.92388 0.35355
vn -0.00000 1.00000 0.00000
vn -0.14645 0.92388 0.35355
vn -0.27060 0.92388 0.27060
vn -0.00000 1.00000 0.00000
vn -0.27060 0.92388 0.27060
vn -0.35355 0.92388 0.14645
vn -0.00000 1.00000 0.00000
vn -0.35355 0.92388 0.14645
vn -0.38268 0.92388 0.00000
vn -0.00000 1.00000 -0.00000
vn -0.38268 0.92388 0.00000
vn -0.35355 0.92388 -0.14645
vn -0.00000 1.00000 -0.00000
vn -0.35355 0.92388 -0.14645
vn -0.27060 0.92388 -0.27060
vn -0.00000 1.00000 -0.00000
vn -0.27060 0.92388 -0.27060
vn -0.14645 0.92388 -0.35355
vn -0.00000 1.00000 -0.00000
vn -0.14645 0.92388 -0.35355
vn -0.00000 0.92388 -0.38268
vn 0.00000 1.00000 -0.00000
vn -0.00000 0.92388 -0.38268
vn 0.14645 0.92388 -0.35355
vn 0.00000 1.00000 -0.00000
vn 0.14645 0.92388 -0.35355
vn 0.27060 0.92388 -0.27060
vn 0.00000 1.00000 -0.00000
vn 0.27060 0.92388 -0.27060
vn 0.35355 0.92388 -0.14645
vn 0.00000 1.00000 -0.00000
vn 0.35355 0.92388 -0.14645
vn 0.38268 0.92388 -0.00000
vn 0.38268 0.92388 0.00000
vn 0.35355 0.92388 0.14645
vn 0.70711 0.70711 0.00000
vn 0.65328 0.70711 0.27060
vn 0.35355 0.92388 0.14645
vn 0.27060 0.92388 0.27060
vn 0.65328 0.70711 0.27060
vn 0.50000 0.70711 0.50000
vn 0.27060 0.92388 0.27060
vn 0.14645 0.92388 0.35355
vn 0.50000 0.70711 0.50000
vn 0.27060 0.70711 0.65328
vn 0.14645 0.92388 0.35355
vn 0.00000 0.92388 0.38268
vn 0.27060 0.70711 0.65328
vn 0.00000 0.70711 0.70711
vn 0.00000 0.92388 0.38268
vn -0.14645 0.92388 0.35355
vn 0.00000 0.70711 0.70711
vn -0.27060 0.70711 0.65328
vn -0.14645 0.92388 0.35355
vn -0.27060 0.92388 0.27060
vn -0.27060 0.70711 0.65328
vn -0.50000 0.70711 0.50000
vn -0.27060 0.92388 0.27060
vn -0.35355 0.92388 0.14645
vn -0.50000 0.70711 0.50000
vn -0.65328 0.70711 0.27060
vn -0.35355 0.92388 0.14645
vn -0.38268 0.92388 0.00000
vn -0.65328 0.70711 0.27060
vn -0.70711 0.70711 0.00000
vn -0.38268 0.92388 0.00000
vn -0.35355 0.92388 -0.14645
vn -0.70711 0.70711 0.00000
vn -0.65328 0.70711 -0.27060
vn -0.35355 0.92388 -0.14645
vn -0.27060 0.92388 -0.27060
vn -0.65328 0.70711 -0.27060
vn -0.50000 0.70711 -0.50000
vn -0.27060 0.92388 -0.27060
vn -0.14645 0.92388 -0.35355
vn -0.50000 0.70711 -0.50000
vn -0.27060 0.70711 -0.65328
vn -0.14645 0.92388 -0.35355
vn -0.00000 0.92388 -0.38268
vn -0.27060 0.70711 -0.65328
vn -0.00000 0.70711 -0.70711
vn -0.00000 0.92388 -0.38268
vn 0.14645 0.92388 -0.35355
vn -0.00000 0.70711 -0.70711
vn 0.27060 0.70711 -0.65328
vn 0.14645 0.92388 -0.35355
vn 0.27060 0.92388 -0.27060
vn 0.27060 0.70711 -0.65328
vn 0.50000 0.70711 -0.50000
vn 0.27060 0.92388 -0.27060
vn 0.35355 0.92388 -0.14645
vn 0.50000 0.70711 -0.50000
vn 0.65328 0.70711 -0.27060
vn 0.35355 0.92388 -0.14645
vn 0.38268 0.92388 -0.00000
vn 0.65328 0.70711 -0.27060
vn 0.70711 0.70711 -0.00000
vn 0.70711 0.70711 0.00000
vn 0.65328 0.70711 0.27060
vn 0.92388 0.38268 0.00000
vn 0.85355 0.38268 0.35355
vn 0.65328 0.70711 0.27060
vn 0.50000 0.70711 0.50000
vn 0.85355 0.38268 0.35355
vn 0.65328 0.38268 0.65328
vn 0.50000 0.70711 0.50000
vn 0.27060 0.70711 0.65328
vn 0.65328 0.38268 0.65328
vn 0.35355 0.38268 0.85355
vn 0.27060 0.70711 0.65328
vn 0.00000 0.70711 0.70711
vn 0.35355 0.38268 0.85355
vn 0.00000 0.38268 0.92388
vn 0.00000 0.70711 0.70711
vn -0.27060 0.70711 0.65328
vn 0.00000 0.38268 0.92388
vn -0.35355 0.38268 0.85355
vn -0.27060 0.70711 0.65328
vn -0.50000 0.70711 0.50000
vn -0.35355 0.38268 0.85355
vn -0.65328 0.38268 0.65328
vn -0.50000 0.70711 0.50000
vn -0.65328 0.70711 0.27060
vn -0.65328 0.38268 0.65328
vn -0.85355 0.38268 0.35355
vn -0.65328 0.70711 0.27060
vn -0.70711 0.70711 0.00000
vn -0.85355 0.38268 0.35355
vn -0.92388 0.38268 0.00000
vn -0.70711 0.70711 0.00000
vn -0.65328 0.70711 -0.27060
vn -0.92388 0.38268 0.00000
vn -0.85355 0.38268 -0.35355
vn -0.65328 0.70711 -0.27060
vn -0.50000 0.70711 -0.50000
vn -0.85355 0.38268 -0.35355
vn -0.65328 0.38268 -0.65328
vn -0.50000 0.70711 -0.50000
vn -0.27060 0.70711 -0.65328
vn -0.65328 0.38268 -0.65328
vn -0.35355 0.38268 -0.85355
vn -0.27060 0.70711 -0.65328
vn -0.00000 0.70711 -0.70711
vn -0.35355 0.38268 -0.85355
vn -0.00000 0.38268 -0.92388
vn -0.00000 0.70711 -0.70711
vn 0.27060 0.70711 -0.65328
vn -0.00000 0.38268 -0.92388
vn 0.35355 0.38268 -0.85355
vn 0.27060 0.70711 -0.65328
vn 0.50000 0.70711 -0.50000
vn 0.35355 0.38268 -0.85355
vn 0.65328 0.38268 -0.65328
vn 0.50000 0.70711 -0.50000
vn 0.65328 0.70711 -0.27060
vn 0.65328 0.38268 -0.65328
vn 0.85355 0.38268 -0.35355
vn 0.65328 0.70711 -0.27060
vn 0.70711 0.70711 -0.00000
vn 0.85355 0.38268 -0.35355
vn 0.92388 0.38268 -0.00000
vn 0.92388 0.38268 0.00000
vn 0.85355 0.38268 0.35355
vn 1.00000 0.00000 0.00000
vn 0.92388 0.00000 0.38268
vn 0.85355 0.38268 0.35355
vn 0.65328 0.38268 0.65328
vn 0.92388 0.00000 0.38268
vn 0.70711 0.00000 0.70711
vn 0.65328 0.38268 0.65328
vn 0.35355 0.38268 0.85355
vn 0.70711 0.00000 0.70711
vn 0.38268 0.00000 0.92388
vn 0.35355 0.38268 0.85355
vn 0.00000 0.38268 0.92388
vn 0.38268 0.00000 0.92388
vn 0.00000 0.00000 1.00000
vn 0.00000 0.38268 0.92388
vn -0.35355 0.38268 0.85355
vn 0.00000 0.00000 1.00000
vn -0.38268 0.00000 0.92388
vn -0.35355 0.38268 0.85355
vn -0.65328 0.38268 0.65328
vn -0.38268 0.00000 0.92388
vn -0.70711 0.00000 0.70711
vn -0.65328 0.38268 0.65328
vn -0.85355 0.38268 0.35355
vn -0.70711 0.00000 0.70711
vn -0.92388 0.00000 0.38268
vn -0.85355 0.38268 0.35355
vn -0.92388 0.38268 0.00000
vn -0.92388 0.00000 0.38268
vn -1.00000 0.00000 0.00000
vn -0.92388 0.38268 0.00000
vn -0.85355 0.38268 -0.35355
vn -1.00000 0.00000 0.00000
vn -0.92388 0.00000 -0.38268
vn -0.85355 0.38268 -0.35355
vn -0.65328 0.38268 -0.65328
vn -0.92388 0.00000 -0.38268
vn -0.70711 0.00000 -0.70711
vn -0.65328 0.38268 -0.65328
vn -0.35355 0.38268 -0.85355
vn -0.70711 0.00000 -0.70711
vn -0.38268 0.00000 -0.92388
vn -0.35355 0.38268 -0.85355
vn -0.00000 0.38268 -0.92388
vn -0.38268 0.00000 -0.92388
vn -0.00000 0.00000 -1.00000
vn -0.00000 0.38268 -0.92388
vn 0.35355 0.38268 -0.85355
vn -0.00000 0.00000 -1.00000
vn 0.38268 0.00000 -0.92388
vn 0.35355 0.38268 -0.85355
vn 0.65328 0.38268 -0.65328
vn 0.38268 0.00000 -0.92388
vn 0.70711 0.00000 -0.70711
vn 0.65328 0.38268 -0.65328
vn 0.85355 0.38268 -0.35355
vn 0.70711 0.00000 -0.70711
vn 0.92388 0.00000 -0.38268
vn 0.85355 0.38268 -0.35355
vn 0.92388 0.38268 -0.00000
vn 0.92388 0.00000 -0.38268
vn 1.00000 0.00000 -0.00000
vn 1.00000 0.00000 0.00000
vn 0.92388 0.00000 0.38268
vn 0.92388 -0.38268 0.00000
vn 0.85355 -0.38268 0.35355
vn 0.92388 0.00000 0.38268
vn 0.70711 0.00000 0.70711
vn 0.85355 -0.38268 0.35355
vn 0.65328 -0.38268 0.65328
vn 0.70711 0.00000 0.70711
vn 0.38268 0.00000 0.92388
vn 0.65328 -0.38268 0.65328
vn 0.35355 -0.38268 0.85355
vn 0.38268 0.00000 0.92388
vn 0.00000 0.00000 1.00000
vn 0.35355 -0.38268 0.85355
vn 0.00000 -0.38268 0.92388
vn 0.00000 0.00000 1.00000
vn -0.38268 0.00000 0.92388
vn 0.00000 -0.38268 0.92388
vn -0.35355 -0.38268 0.85355
vn -0.38268 0.00000 0.92388
vn -0.70711 0.00000 0.70711
vn -0.35355 -0.38268 0.85355
vn -0.65328 -0.38268 0.65328
vn -0.70711 0.00000 0.70711
vn -0.92388 0.00000 0.38268
vn -0.65328 -0.38268 0.65328
vn -0.85355 -0.38268 0.35355
vn -0.92388 0.00000 0.38268
vn -1.00000 0.00000 0.00000
vn -0.85355 -0.38268 0.35355
vn -0.92388 -0.38268 0.00000
vn -1.00000 0.00000 0.00000
vn -0.92388 0.00000 -0.38268
vn -0.92388 -0.38268 0.00000
vn -0.85355 -0.38268 -0.35355
vn -0.92388 0.00000 -0.38268
vn -0.70711 0.00000 -0.70711
vn -0.85355 -0.38268 -0.35355
vn -0.65328 -0.38268 -0.65328
vn -0.70711 0.00000 -0.70711
vn -0.38268 0.00000 -0.92388
vn -0.65328 -0.38268 -0.65328
vn -0.35355 -0.38268 -0.85355
vn -0.38268 0.00000 -0.92388
vn -0.00000 0.00000 -1.00000
vn -0.35355 -0.38268 -0.85355
vn -0.00000 -0.38268 -0.92388
vn -0.00000 0.00000 -1.00000
vn 0.38268 0.00000 -0.92388
vn -0.00000 -0.38268 -0.92388
vn 0.35355 -0.38268 -0.85355
vn 0.38268 0.00000 -0.92388
vn 0.70711 0.00000 -0.70711
vn 0.35355 -0.38268 -0.85355
vn 0.65328 -0.38268 -0.65328
vn 0.70711 0.00000 -0.70711
vn 0.92388 0.00000 -0.38268
vn 0.65328 -0.38268 -0.65328
vn 0.85355 -0.38268 -0.35355
vn 0.92388 0.00000 -0.38268
vn 1.00000 0.00000 -0.00000
vn 0.85355 -0.38268 -0.35355
vn 0.92388 -0.38268 -0.00000
vn 0.92388 -0.38268 0.00000
vn 0.85355 -0.38268 0.35355
vn 0.70711 -0.70711 0.00000
vn 0.65328 -0.70711 0.27060
vn 0.85355 -0.38268 0.35355
vn 0.65328 -0.38268 0.65328
vn 0.65328 -0.70711 0.27060
vn 0.50000 -0.70711 0.50000
vn 0.65328 -0.38268 0.65328
vn 0.35355 -0.38268 0.85355
vn 0.50000 -0.70711 0.50000
vn 0.27060 -0.70711 0.65328
vn 0.35355 -0.38268 0.85355
vn 0.00000 -0.38268 0.92388
vn 0.27060 -0.70711 0.65328
vn 0.00000 -0.70711 0.70711
vn 0.00000 -0.38268 0.92388
vn -0.35355 -0.38268 0.85355
vn 0.00000 -0.70711 0.70711
vn -0.27060 -0.70711 0.65328
vn -0.35355 -0.38268 0.85355
vn -0.65328 -0.38268 0.65328
vn -0.27060 -0.70711 0.65328
vn -0.50000 -0.70711 0.50000
vn -0.65328 -0.38268 0.65328
vn -0.85355 -0.38268 0.35355
vn -0.50000 -0.70711 0.50000
vn -0.65328 -0.70711 0.27060
vn -0.85355 -0.38268 0.35355
vn -0.92388 -0.38268 0.00000
vn -0.65328 -0.70711 0.27060
vn -0.70711 -0.70711 0.00000
vn -0.92388 -0.38268 0.00000
vn -0.85355 -0.38268 -0.35355
vn -0.70711 -0.70711 0.00000
vn -0.65328 -0.70711 -0.27060
vn -0.85355 -0.38268 -0.35355
vn -0.65328 -0.38268 -0.65328
vn -0.65328 -0.70711 -0.27060
vn -0.50000 -0.70711 -0.50000
vn -0.65328 -0.38268 -0.65328
vn -0.35355 -0.38268 -0.85355
vn -0.50000 -0.70711 -0.50000
vn -0.27060 -0.70711 -0.65328
vn -0.35355 -0.38268 -0.85355
vn -0.00000 -0.38268 -0.92388
vn -0.27060 -0.70711 -0.65328
vn -0.00000 -0.70711 -0.70711
vn -0.00000 -0.38268 -0.92388
vn 0.35355 -0.38268 -0.85355
vn -0.00000 -0.70711 -0.70711
vn 0.27060 -0.70711 -0.65328
vn 0.35355 -0.38268 -0.85355
vn 0.65328 -0.38268 -0.65328
vn 0.27060 -0.70711 -0.65328
vn 0.50000 -0.70711 -0.50000
vn 0.65328 -0.38268 -0.65328
vn 0.85355 -0.38268 -0.35355
vn 0.50000 -0.70711 -0.50000
vn 0.65328 -0.70711 -0.27060
vn 0.85355 -0.38268 -0.35355
vn 0.92388 -0.38268 -0.00000
vn 0.65328 -0.70711 -0.27060
vn 0.70711 -0.70711 -0.00000
vn 0.70711 -0.70711 0.00000
vn 0.65328 -0.70711 0.27060
vn 0.38268 -0.92388 0.00000
vn 0.35355 -0.92388 0.14645
vn 0.65328 -0.70711 0.27060
vn 0.50000 -0.70711 0.50000
vn 0.35355 -0.92388 0.14645
vn 0.27060 -0.92388 0.27060
vn 0.50000 -0.70711 0.50000
vn 0.27060 -0.70711 0.65328
vn 0.27060 -0.92388 0.27060
vn 0.14645 -0.92388 0.35355
vn 0.27060 -0.70711 0.65328
vn 0.00000 -0.70711 0.70711
vn 0.14645 -0.92388 0.35355
vn 0.00000 -0.92388 0.38268
vn 0.00000 -0.70711 0.70711
vn -0.27060 -0.70711 0.65328
vn 0.00000 -0.92388 0.38268
vn -0.14645 -0.92388 0.35355
vn -0.27060 -0.70711 0.65328
vn -0.50000 -0.70711 0.50000
vn -0.14645 -0.92388 0.35355
vn -0.27060 -0.92388 0.27060
vn -0.50000 -0.70711 0.50000
vn -0.65328 -0.70711 0.27060
vn -0.27060 -0.92388 0.27060
vn -0.35355 -0.92388 0.14645
vn -0.65328 -0.70711 0.27060
vn -0.70711 -0.70711 0.00000
vn -0.35355 -0.92388 0.14645
vn -0.38268 -0.92388 0.00000
vn -0.70711 -0.70711 0.00000
vn -0.65328 -0.70711 -0.27060
vn -0.38268 -0.92388 0.00000
vn -0.35355 -0.92388 -0.14645
vn -0.65328 -0.70711 -0.27060
vn -0.50000 -0.70711 -0.50000
vn -0.35355 -0.92388 -0.14645
vn -0.27060 -0.92388 -0.27060
vn -0.50000 -0.70711 -0.50000
vn -0.27060 -0.70711 -0.65328
vn -0.27060 -0.92388 -0.27060
vn -0.14645 -0.92388 -0.35355
vn -0.27060 -0.70711 -0.65328
vn -0.00000 -0.70711 -0.70711
vn -0.14645 -0.92388 -0.35355
vn -0.00000 -0.92388 -0.38268
vn -0.00000 -0.70711 -0.70711
vn 0.27060 -0.70711 -0.65328
vn -0.00000 -0.92388 -0.38268
vn 0.14645 -0.92388 -0.35355
vn 0.27060 -0.70711 -0.65328
vn 0.50000 -0.70711 -0.50000
vn 0.14645 -0.92388 -0.35355
vn 0.27060 -0.92388 -0.27060
vn 0.50000 -0.70711 -0.50000
vn 0.65328 -0.70711 -0.27060
vn 0.27060 -0.92388 -0.27060
vn 0.35355 -0.92388 -0.14645
vn 0.65328 -0.70711 -0.27060
vn 0.70711 -0.70711 -0.00000
vn 0.35355 -0.92388 -0.14645
vn 0.38268 -0.92388 -0.00000
vn 0.00000 -1.00000 0.00000
vn 0.38268 -0.92388 0.00000
vn 0.35355 -0.92388 0.14645
vn 0.00000 -1.00000 0.00000
vn 0.35355 -0.92388 0.14645
vn 0.27060 -0.92388 0.27060
vn 0.00000 -1.00000 0.00000
vn 0.27060 -0.92388 0.27060
vn 0.14645 -0.92388 0.35355
vn 0.00000 -1.00000 0.00000
vn 0.14645 -0.92388 0.35355
vn 0.00000 -0.92388 0.38268
vn -0.00000 -1.00000 0.00000
vn 0.00000 -0.92388 0.38268
vn -0.14645 -0.92388 0.35355
vn -0.00000 -1.00000 0.00000
vn -0.14645 -0.92388 0.35355
vn -0.27060 -0.92388 0.27060
vn -0.00000 -1.00000 0.00000
vn -0.27060 -0.92388 0.27060
vn -0.35355 -0.92388 0.14645
vn -0.00000 -1.00000 0.00000
vn -0.35355 -0.92388 0.14645
vn -0.38268 -0.92388 0.00000
vn -0.00000 -1.00000 -0.00000
vn -0.38268 -0.92388 0.00000
vn -0.35355 -0.92388 -0.14645
vn -0.00000 -1.00000 -0.00000
vn -0.35355 -0.92388 -0.14645
vn -0.27060 -0.92388 -0.27060
vn -0.00000 -1.00000 -0.00000
vn -0.27060 -0.92388 -0.27060
vn -0.14645 -0.92388 -0.35355
vn -0.00000 -1.00000 -0.00000
vn -0.14645 -0.92388 -0.35355
vn -0.00000 -0.92388 -0.38268
vn 0.00000 -1.00000 -0.00000
vn -0.00000 -0.92388 -0.38268
vn 0.14645 -0.92388 -0.35355
vn 0.00000 -1.00000 -0.00000
vn 0.14645 -0.92388 -0.35355
vn 0.27060 -0.92388 -0.27060
vn 0.00000 -1.00000 -0.00000
vn 0.27060 -0.92388 -0.27060
vn 0.35355 -0.92388 -0.14645
vn 0.00000 -1.00000 -0.00000
vn 0.35355 -0.92388 -0.14645
vn 0.38268 -0.92388 -0.00000
vn 0.00000 0.00000 -1.00000
vn 0.00000 0.00000 -1.00000
vn 0.00000 0.00000 -1.00000
vn 0.00000 0.00000 -1.00000
vn 0.00000 0.00000 1.00000
vn 0.00000 0.00000 1.00000
vn 0.00000 0.00000 1.00000
vn 0.00000 0.00000 1.00000
vn 0.06000 0.00000 0.00000
vn 0.04243 0.00000 0.04243
vn 0.04243 0.00000 0.04243
vn 0.06000 0.00000 0.00000
vn 0.00000 1.00000 0.00000
vn 0.00000 1.00000 0.00000
vn 0.00000 1.00000 0.00000
vn 0.04243 0.00000 0.04243
vn 0.00000 0.00000 0.06000
vn 0.00000 0.00000 0.06000
vn 0.04243 0.00000 0.04243
vn 0.00000 1.00000 0.00000
vn 0.00000 1.00000 0.00000
vn 0.00000 1.00000 0.00000
vn 0.00000 0.00000 0.06000
vn -0.04243 0.00000 0.04243
vn -0.04243 0.00000 0.04243
vn 0.00000 0.00000 0.06000
vn 0.00000 1.00000 0.00000
vn 0.00000 1.00000 0.00000
vn 0.00000 1.00000 0.00000
vn -0.04243 0.00000 0.04243
vn -0.06000 0.00000 0.00000
vn -0.06000 0.00000 0.00000
vn -0.04243 0.00000 0.04243
vn 0.00000 1.00000 0.00000
vn 0.00000 1.00000 0.00000
vn 0.00000 1.00000 0.00000
vn -0.06000 0.00000 0.00000
vn -0.04243 0.00000 -0.04243
vn -0.04243 0.00000 -0.04243
vn -0.06000 0.00000 0.00000
vn 0.00000 1.00000 0.00000
vn 0.00000 1.00000 0.00000
vn 0.00000 1.00000 0.00000
vn -0.04243 0.00000 -0.04243
vn -0.00000 0.00000 -0.06000
vn -0.00000 0.00000 -0.06000
vn -0.04243 0.00000 -0.04243
vn 0.00000 1.00000 0.00000
vn 0.00000 1.00000 0.00000
vn 0.00000 1.00000 0.00000
vn -0.00000 0.00000 -0.06000
vn 0.04243 0.00000 -0.04243
vn 0.04243 0.00000 -0.04243
vn -0.00000 0.00000 -0.06000
vn 0.00000 1.00000 0.00000
vn 0.00000 1.00000 0.00000
vn 0.00000 1.00000 0.00000
vn 0.04243 0.00000 -0.04243
vn 0.06000 0.00000 -0.00000
vn 0.06000 0.00000 -0.00000
vn 0.04243 0.00000 -0.04243
vn 0.00000 1.00000 0.00000
vn 0.00000 1.00000 0.00000
vn 0.00000 1.00000 0.00000
vn 0.00000 0.00000 -1.00000
vn 0.00000 0.00000 -1.00000
vn 0.00000 0.00000 -1.00000
vn 0.00000 0.00000 -1.00000
vn 0.00000 0.00000 1.00000
vn 0.00000 0.00000 1.00000
vn 0.00000 0.00000 1.00000
vn 0.00000 0.00000 1.00000
vn 0.07000 0.00000 0.00000
vn 0.05663 0.00000 0.04114
vn 0.05663 0.00000 0.04114
vn 0.07000 0.00000 0.00000
vn 0.00000 1.00000 0.00000
vn 0.00000 1.00000 0.00000
vn 0.00000 1.00000 0.00000
vn 0.05663 0.00000 0.04114
vn 0.02163 0.00000 0.06657
vn 0.02163 0.00000 0.06657
vn 0.05663 0.00000 0.04114
vn 0.00000 1.00000 0.00000
vn 0.00000 1.00000 0.00000
vn 0.00000 1.00000 0.00000
vn 0.02163 0.00000 0.06657
vn -0.02163 0.00000 0.06657
vn -0.02163 0.00000 0.06657
vn 0.02163 0.00000 0.06657
vn 0.00000 1.00000 0.00000
vn 0.00000 1.00000 0.00000
vn 0.00000 1.00000 0.00000
vn -0.02163 0.00000 0.06657
vn -0.05663 0.00000 0.04114
vn -0.05663 0.00000 0.04114
vn -0.02163 0.00000 0.06657
vn 0.00000 1.00000 0.00000
vn 0.00000 1.00000 0.00000
vn 0.00000 1.00000 0.00000
vn -0.05663 0.00000 0.04114
vn -0.07000 0.00000 0.00000
vn -0.07000 0.00000 0.00000
vn -0.05663 0.00000 0.04114
vn 0.00000 1.00000 0.00000
vn 0.00000 1.00000 0.00000
vn 0.00000 1.00000 0.00000
vn -0.07000 0.00000 0.00000
vn -0.05663 0.00000 -0.04114
vn -0.05663 0.00000 -0.04114
vn -0.07000 0.00000 0.00000
vn 0.00000 1.00000 0.00000
vn 0.00000 1.00000 0.00000
vn 0.00000 1.00000 0.00000
vn -0.05663 0.00000 -0.04114
vn -0.02163 0.00000 -0.06657
vn -0.02163 0.00000 -0.06657
vn -0.05663 0.00000 -0.04114
vn 0.00000 1.00000 0.00000
vn 0.00000 1.00000 0.00000
vn 0.00000 1.00000 0.00000
vn -0.02163 0.00000 -0.06657
vn 0.02163 0.00000 -0.06657
vn 0.02163 0.00000 -0.06657
vn -0.02163 0.00000 -0.06657
vn 0.00000 1.00000 0.00000
vn 0.00000 1.00000 0.00000
vn 0.00000 1.00000 0.00000
vn 0.02163 0.00000 -0.06657
vn 0.05663 0.00000 -0.04114
vn 0.05663 0.00000 -0.04114
vn 0.02163 0.00000 -0.06657
vn 0.00000 1.00000 0.00000
vn 0.00000 1.00000 0.00000
vn 0.00000 1.00000 0.00000
vn 0.05663 0.00000 -0.04114
vn 0.07000 0.00000 -0.00000
vn 0.07000 0.00000 -0.00000
vn 0.05663 0.00000 -0.04114
vn 0.00000 1.00000 0.00000
vn 0.00000 1.00000 0.00000
vn 0.00000 1.00000 0.00000
vn 0.07000 0.00000 0.00000
vn 0.05663 0.00000 0.04114
vn 0.05663 0.00000 0.04114
vn 0.07000 0.00000 0.00000
vn 0.00000 1.00000 0.00000
vn 0.00000 1.00000 0.00000
vn 0.00000 1.00000 0.00000
vn 0.05663 0.00000 0.04114
vn 0.02163 0.00000 0.06657
vn 0.02163 0.00000 0.06657
vn 0.05663 0.00000 0.04114
vn 0.00000 1.00000 0.00000
vn 0.00000 1.00000 0.00000
vn 0.00000 1.00000 0.00000
vn 0.02163 0.00000 0.06657
vn -0.02163 0.00000 0.06657
vn -0.02163 0.00000 0.06657
vn 0.02163 0.00000 0.06657
vn 0.00000 1.00000 0.00000
vn 0.00000 1.00000 0.00000
vn 0.00000 1.00000 0.00000
vn -0.02163 0.00000 0.06657
vn -0.05663 0.00000 0.04114
vn -0.05663 0.00000 0.04114
vn -0.02163 0.00000 0.06657
vn 0.00000 1.00000 0.00000
vn 0.00000 1.00000 0.00000
vn 0.00000 1.00000 0.00000
vn -0.05663 0.00000 0.04114
vn -0.07000 0.00000 0.00000
vn -0.07000 0.00000 0.00000
vn -0.05663 0.00000 0.04114
vn 0.00000 1.00000 0.00000
vn 0.00000 1.00000 0.00000
vn 0.00000 1.00000 0.00000
vn -0.07000 0.00000 0.00000
vn -0.05663 0.00000 -0.04114
vn -0.05663 0.00000 -0.04114
vn -0.07000 0.00000 0.00000
vn 0.00000 1.00000 0.00000
vn 0.00000 1.00000 0.00000
vn 0.00000 1.00000 0.00000
vn -0.05663 0.00000 -0.04114
vn -0.02163 0.00000 -0.06657
vn -0.02163 0.00000 -0.06657
vn -0.05663 0.00000 -0.04114
vn 0.00000 1.00000 0.00000
vn 0.00000 1.00000 0.00000
vn 0.00000 1.00000 0.00000
vn -0.02163 0.00000 -0.06657
vn 0.02163 0.00000 -0.06657
vn 0.02163 0.00000 -0.06657
vn -0.02163 0.00000 -0.06657
vn 0.00000 1.00000 0.00000
vn 0.00000 1.00000 0.00000
vn 0.00000 1.00000 0.00000
vn 0.02163 0.00000 -0.06657
vn 0.05663 0.00000 -0.04114
vn 0.05663 0.00000 -0.04114
vn 0.02163 0.00000 -0.06657
vn 0.00000 1.00000 0.00000
vn 0.00000 1.00000 0.00000
vn 0.00000 1.00000 0.00000
vn 0.05663 0.00000 -0.04114
vn 0.07000 0.00000 -0.00000
vn 0.07000 0.00000 -0.00000
vn 0.05663 0.00000 -0.04114
vn 0.00000 1.00000 0.00000
vn 0.00000 1.00000 0.00000
vn 0.00000 1.00000 0.00000
vn 0.02500 0.00000 0.00000
vn 0.01768 0.00000 0.01768
vn 0.01768 0.00000 0.01768
vn 0.02500 0.00000 0.00000
vn 0.00000 1.00000 0.00000
vn 0.00000 1.00000 0.00000
vn 0.00000 1.00000 0.00000
vn 0.01768 0.00000 0.01768
vn 0.00000 0.00000 0.02500
vn 0.00000 0.00000 0.02500
vn 0.01768 0.00000 0.01768
vn 0.00000 1.00000 0.00000
vn 0.00000 1.00000 0.00000
vn 0.00000 1.00000 0.00000
vn 0.00000 0.00000 0.02500
vn -0.01768 0.00000 0.01768
vn -0.01768 0.00000 0.01768
vn 0.00000 0.00000 0.02500
vn 0.00000 1.00000 0.00000
vn 0.00000 1.00000 0.00000
vn 0.00000 1.00000 0.00000
vn -0.01768 0.00000 0.01768
vn -0.02500 0.00000 0.00000
vn -0.02500 0.00000 0.00000
vn -0.01768 0.00000 0.01768
vn 0.00000 1.00000 0.00000
vn 0.00000 1.00000 0.00000
vn 0.00000 1.00000 0.00000
vn -0.02500 0.00000 0.00000
vn -0.01768 0.00000 -0.01768
vn -0.01768 0.00000 -0.01768
vn -0.02500 0.00000 0.00000
vn 0.00000 1.00000 0.00000
vn 0.00000 1.00000 0.00000
vn 0.00000 1.00000 0.00000
vn -0.01768 0.00000 -0.01768
vn -0.00000 0.00000 -0.02500
vn -0.00000 0.00000 -0.02500
vn -0.01768 0.00000 -0.01768
vn 0.00000 1.00000 0.00000
vn 0.00000 1.00000 0.00000
vn 0.00000 1.00000 0.00000
vn -0.00000 0.00000 -0.02500
vn 0.01768 0.00000 -0.01768
vn 0.01768 0.00000 -0.01768
vn -0.00000 0.00000 -0.02500
vn 0.00000 1.00000 0.00000
vn 0.00000 1.00000 0.00000
vn 0.00000 1.00000 0.00000
vn 0.01768 0.00000 -0.01768
vn 0.02500 0.00000 -0.00000
vn 0.02500 0.00000 -0.00000
vn 0.01768 0.00000 -0.01768
vn 0.00000 1.00000 0.00000
vn 0.00000 1.00000 0.00000
vn 0.00000 1.00000 0.00000
vn 0.03000 0.00000 0.00000
vn 0.02121 0.00000 0.02121
vn 0.02121 0.00000 0.02121
vn 0.03000 0.00000 0.00000
vn 0.00000 1.00000 0.00000
vn 0.00000 1.00000 0.00000
vn 0.00000 1.00000 0.00000
vn 0.02121 0.00000 0.02121
vn 0.00000 0.00000 0.03000
vn 0.00000 0.00000 0.03000
vn 0.02121 0.00000 0.02121
vn 0.00000 1.00000 0.00000
vn 0.00000 1.00000 0.00000
vn 0.00000 1.00000 0.00000
vn 0.00000 0.00000 0.03000
vn -0.02121 0.00000 0.02121
vn -0.02121 0.00000 0.02121
vn 0.00000 0.00000 0.03000
vn 0.00000 1.00000 0.00000
vn 0.00000 1.00000 0.00000
vn 0.00000 1.00000 0.00000
vn -0.02121 0.00000 0.02121
vn -0.03000 0.00000 0.00000
vn -0.03000 0.00000 0.00000
vn -0.02121 0.00000 0.02121
vn 0.00000 1.00000 0.00000
vn 0.00000 1.00000 0.00000
vn 0.00000 1.00000 0.00000
vn -0.03000 0.00000 0.00000
vn -0.02121 0.00000 -0.02121
vn -0.02121 0.00000 -0.02121
vn -0.03000 0.00000 0.00000
vn 0.00000 1.00000 0.00000
vn 0.00000 1.00000 0.00000
vn 0.00000 1.00000 0.00000
vn -0.02121 0.00000 -0.02121
vn -0.00000 0.00000 -0.03000
vn -0.00000 0.00000 -0.03000
vn -0.02121 0.00000 -0.02121
vn 0.00000 1.00000 0.00000
vn 0.00000 1.00000 0.00000
vn 0.00000 1.00000 0.00000
vn -0.00000 0.00000 -0.03000
vn 0.02121 0.00000 -0.02121
vn 0.02121 0.00000 -0.02121
vn -0.00000 0.00000 -0.03000
vn 0.00000 1.00000 0.00000
vn 0.00000 1.00000 0.00000
vn 0.00000 1.00000 0.00000
vn 0.02121 0.00000 -0.02121
vn 0.03000 0.00000 -0.00000
vn 0.03000 0.00000 -0.00000
vn 0.02121 0.00000 -0.02121
vn 0.00000 1.00000 0.00000
vn 0.00000 1.00000 0.00000
vn 0.00000 1.00000 0.00000
f 1/1/1 2/2/2 3/3/3
f 1/1/1 3/2/3 4/3/4
f 5/1/5 6/2/6 7/3/7
f 8/1/8 9/2/9 10/3/10
f 8/1/8 10/2/10 11/3/11
f 12/1/12 13/2/13 14/3/14
f 15/1/15 16/2/16 17/3/17
f 15/1/15 17/2/17 18/3/18
f 19/1/19 20/2/20 21/3/21
f 22/1/22 23/2/23 24/3/24
f 22/1/22 24/2/24 25/3/25
f 26/1/26 27/2/27 28/3/28
f 29/1/29 30/2/30 31/3/31
f 29/1/29 31/2/31 32/3/32
f 33/1/33 34/2/34 35/3/35
f 36/1/36 37/2/37 38/3/38
f 36/1/36 38/2/38 39/3/39
f 40/1/40 41/2/41 42/3/42
f 43/1/43 44/2/44 45/3/45
f 43/1/43 45/2/45 46/3/46
f 47/1/47 48/2/48 49/3/49
f 50/1/50 51/2/51 52/3/52
f 50/1/50 52/2/52 53/3/53
f 54/1/54 55/2/55 56/3/56
f 57/1/57 58/2/58 59/3/59
f 57/1/57 59/2/59 60/3/60
f 61/1/61 62/2/62 63/3/63
f 64/1/64 65/2/65 66/3/66
f 64/1/64 66/2/66 67/3/67
f 68/1/68 69/2/69 70/3/70
f 71/1/71 72/2/72 73/3/73
f 71/1/71 73/2/73 74/3/74
f 75/1/75 76/2/76 77/3/77
f 78/1/78 79/2/79 80/3/80
f 78/1/78 80/2/80 81/3/81
f 82/1/82 83/2/83 84/3/84
f 85/1/85 86/2/86 87/3/87
f 85/1/85 87/2/87 88/3/88
f 89/1/89 90/2/90 91/3/91
f 92/1/92 93/2/93 94/3/94
f 92/1/92 94/2/94 95/3/95
f 96/1/96 97/2/97 98/3/98
f 99/1/99 100/2/100 101/3/101
f 99/1/99 101/2/101 102/3/102
f 103/1/103 104/2/104 105/3/105
f 106/1/106 107/2/107 108/3/108
f 106/1/106 108/2/108 109/3/109
f 110/1/110 111/2/111 112/3/112
f 113/1/113 114/2/114 115/3/115
f 113/1/113 115/2/115 116/3/116
f 117/1/117 118/2/118 119/3/119
f 120/1/120 121/2/121 122/3/122
f 120/1/120 122/2/122 123/3/123
f 124/1/124 125/2/125 126/3/126
f 127/1/127 128/2/128 129/3/129
f 127/1/127 129/2/129 130/3/130
f 131/1/131 132/2/132 133/3/133
f 134/1/134 135/2/135 136/3/136
f 134/1/134 136/2/136 137/3/137
f 138/1/138 139/2/139 140/3/140
f 141/1/141 142/2/142 143/3/143
f 141/1/141 143/2/143 144/3/144
f 145/1/145 146/2/146 147/3/147
f 148/1/148 149/2/149 150/3/150
f 148/1/148 150/2/150 151/3/151
f 152/1/152 153/2/153 154/3/154
f 155/1/155 156/2/156 157/3/157
f 155/1/155 157/2/157 158/3/158
f 159/1/159 160/2/160 161/3/161
f 162/1/162 163/2/163 164/3/164
f 162/1/162 164/2/164 165/3/165
f 166/1/166 167/2/167 168/3/168
f 169/1/169 170/2/170 171/3/171
f 169/1/169 171/2/171 172/3/172
f 173/1/173 174/2/174 175/3/175
f 176/1/176 177/2/177 178/3/178
f 176/1/176 178/2/178 179/3/179
f 180/1/180 181/2/181 182/3/182
f 183/1/183 184/2/184 185/3/185
f 183/1/183 185/2/185 186/3/186
f 187/1/187 188/2/188 189/3/189
f 190/1/190 191/2/191 192/3/192
f 190/1/190 192/2/192 193/3/193
f 194/1/194 195/2/195 196/3/196
f 197/1/197 198/2/198 199/3/199
f 197/1/197 199/2/199 200/3/200
f 201/1/201 202/2/202 203/3/203
f 204/1/204 205/2/205 206/3/206
f 204/1/204 206/2/206 207/3/207
f 208/1/208 209/2/209 210/3/210
f 211/1/211 212/2/212 213/3/213
f 211/1/211 213/2/213 214/3/214
f 215/1/215 216/2/216 217/3/217
f 218/1/218 219/2/219 220/3/220
f 218/1/218 220/2/220 221/3/221
f 222/1/222 223/2/223 224/3/224
f 225/1/225 226/2/226 227/3/227
f 225/1/225 227/2/227 228/3/228
f 229/1/229 230/2/230 231/3/231
f 232/1/232 233/2/233 234/3/234
f 232/1/232 234/2/234 235/3/235
f 236/1/236 237/2/237 238/3/238
f 239/1/239 240/2/240 241/3/241
f 239/1/239 241/2/241 242/3/242
f 243/1/243 244/2/244 245/3/245
f 246/1/246 247/2/247 248/3/248
f 246/1/246 248/2/248 249/3/249
f 250/1/250 251/2/251 252/3/252
f 253/1/253 254/2/254 255/3/255
f 253/1/253 255/2/255 256/3/256
f 257/1/257 258/2/258 259/3/259
f 260/1/260 261/2/261 262/3/262
f 260/1/260 262/2/262 263/3/263
f 264/1/264 265/2/265 266/3/266
f 267/1/267 268/2/268 269/3/269
f 267/1/267 269/2/269 270/3/270
f 271/1/271 272/2/272 273/3/273
f 274/1/274 275/2/275 276/3/276
f 274/1/274 276/2/276 277/3/277
f 278/1/278 279/2/279 280/3/280
f 281/1/281 282/2/282 283/3/283
f 281/1/281 283/2/283 284/3/284
f 285/1/285 286/2/286 287/3/287
f 288/1/288 289/2/289 290/3/290
f 288/1/288 290/2/290 291/3/291
f 292/1/292 293/2/293 294/3/294
f 295/1/295 296/2/296 297/3/297
f 295/1/295 297/2/297 298/3/298
f 299/1/299 300/2/300 301/3/301
f 302/1/302 303/2/303 304/3/304
f 302/1/302 304/2/304 305/3/305
f 306/1/306 307/2/307 308/3/308
f 309/1/309 310/2/310 311/3/311
f 309/1/309 311/2/311 312/3/312
f 313/1/313 314/2/314 315/3/315
f 316/1/316 317/2/317 318/3/318
f 316/1/316 318/2/318 319/3/319
f 320/1/320 321/2/321 322/3/322
f 323/1/323 324/2/324 325/3/325
f 323/1/323 325/2/325 326/3/326
f 327/1/327 328/2/328 329/3/329
f 330/1/330 331/2/331 332/3/332
f 330/1/330 332/2/332 333/3/333
f 334/1/334 335/2/335 336/3/336
f 337/1/337 338/2/338 339/3/339
f 340/1/340 341/2/341 342/3/342
f 343/1/343 344/2/344 345/3/345
f 346/1/346 347/2/347 348/3/348
f 349/1/349 350/2/350 351/3/351
f 352/1/352 353/2/353 354/3/354
f 355/1/355 356/2/356 357/3/357
f 358/1/358 359/2/359 360/3/360
f 361/1/361 362/2/362 363/3/363
f 364/1/364 365/2/365 366/3/366
f 367/1/367 368/2/368 369/3/369
f 370/1/370 371/2/371 372/3/372
f 373/1/373 374/2/374 375/3/375
f 376/1/376 377/2/377 378/3/378
f 379/1/379 380/2/380 381/3/381
f 382/1/382 383/2/383 384/3/384
f 385/1/385 387/2/387 388/3/388
f 385/1/385 388/2/388 386/3/386
f 389/1/389 391/2/391 392/3/392
f 389/1/389 392/2/392 390/3/390
f 393/1/393 395/2/395 396/3/396
f 393/1/393 396/2/396 394/3/394
f 397/1/397 399/2/399 400/3/400
f 397/1/397 400/2/400 398/3/398
f 401/1/401 403/2/403 404/3/404
f 401/1/401 404/2/404 402/3/402
f 405/1/405 407/2/407 408/3/408
f 405/1/405 408/2/408 406/3/406
f 409/1/409 411/2/411 412/3/412
f 409/1/409 412/2/412 410/3/410
f 413/1/413 415/2/415 416/3/416
f 413/1/413 416/2/416 414/3/414
f 417/1/417 419/2/419 420/3/420
f 417/1/417 420/2/420 418/3/418
f 421/1/421 423/2/423 424/3/424
f 421/1/421 424/2/424 422/3/422
f 425/1/425 427/2/427 428/3/428
f 425/1/425 428/2/428 426/3/426
f 429/1/429 431/2/431 432/3/432
f 429/1/429 432/2/432 430/3/430
f 433/1/433 435/2/435 436/3/436
f 433/1/433 436/2/436 434/3/434
f 437/1/437 439/2/439 440/3/440
f 437/1/437 440/2/440 438/3/438
f 441/1/441 443/2/443 444/3/444
f 441/1/441 444/2/444 442/3/442
f 445/1/445 447/2/447 448/3/448
f 445/1/445 448/2/448 446/3/446
f 449/1/449 451/2/451 452/3/452
f 449/1/449 452/2/452 450/3/450
f 453/1/453 455/2/455 456/3/456
f 453/1/453 456/2/456 454/3/454
f 457/1/457 459/2/459 460/3/460
f 457/1/457 460/2/460 458/3/458
f 461/1/461 463/2/463 464/3/464
f 461/1/461 464/2/464 462/3/462
f 465/1/465 467/2/467 468/3/468
f 465/1/465 468/2/468 466/3/466
f 469/1/469 471/2/471 472/3/472
f 469/1/469 472/2/472 470/3/470
f 473/1/473 475/2/475 476/3/476
f 473/1/473 476/2/476 474/3/474
f 477/1/477 479/2/479 480/3/480
f 477/1/477 480/2/480 478/3/478
f 481/1/481 483/2/483 484/3/484
f 481/1/481 484/2/484 482/3/482
f 485/1/485 487/2/487 488/3/488
f 485/1/485 488/2/488 486/3/486
f 489/1/489 491/2/491 492/3/492
f 489/1/489 492/2/492 490/3/490
f 493/1/493 495/2/495 496/3/496
f 493/1/493 496/2/496 494/3/494
f 497/1/497 499/2/499 500/3/500
f 497/1/497 500/2/500 498/3/498
f 501/1/501 503/2/503 504/3/504
f 501/1/501 504/2/504 502/3/502
f 505/1/505 507/2/507 508/3/508
f 505/1/505 508/2/508 506/3/506
f 509/1/509 511/2/511 512/3/512
f 509/1/509 512/2/512 510/3/510
f 513/1/513 515/2/515 516/3/516
f 513/1/513 516/2/516 514/3/514
f 517/1/517 519/2/519 520/3/520
f 517/1/517 520/2/520 518/3/518
f 521/1/521 523/2/523 524/3/524
f 521/1/521 524/2/524 522/3/522
f 525/1/525 527/2/527 528/3/528
f 525/1/525 528/2/528 526/3/526
f 529/1/529 531/2/531 532/3/532
f 529/1/529 532/2/532 530/3/530
f 533/1/533 535/2/535 536/3/536
f 533/1/533 536/2/536 534/3/534
f 537/1/537 539/2/539 540/3/540
f 537/1/537 540/2/540 538/3/538
f 541/1/541 543/2/543 544/3/544
f 541/1/541 544/2/544 542/3/542
f 545/1/545 547/2/547 548/3/548
f 545/1/545 548/2/548 546/3/546
f 549/1/549 551/2/551 552/3/552
f 549/1/549 552/2/552 550/3/550
f 553/1/553 555/2/555 556/3/556
f 553/1/553 556/2/556 554/3/554
f 557/1/557 559/2/559 560/3/560
f 557/1/557 560/2/560 558/3/558
f 561/1/561 563/2/563 564/3/564
f 561/1/561 564/2/564 562/3/562
f 565/1/565 567/2/567 568/3/568
f 565/1/565 568/2/568 566/3/566
f 569/1/569 571/2/571 572/3/572
f 569/1/569 572/2/572 570/3/570
f 573/1/573 575/2/575 576/3/576
f 573/1/573 576/2/576 574/3/574
f 577/1/577 579/2/579 580/3/580
f 577/1/577 580/2/580 578/3/578
f 581/1/581 583/2/583 584/3/584
f 581/1/581 584/2/584 582/3/582
f 585/1/585 587/2/587 588/3/588
f 585/1/585 588/2/588 586/3/586
f 589/1/589 591/2/591 592/3/592
f 589/1/589 592/2/592 590/3/590
f 593/1/593 595/2/595 596/3/596
f 593/1/593 596/2/596 594/3/594
f 597/1/597 599/2/599 600/3/600
f 597/1/597 600/2/600 598/3/598
f 601/1/601 603/2/603 604/3/604
f 601/1/601 604/2/604 602/3/602
f 605/1/605 607/2/607 608/3/608
f 605/1/605 608/2/608 606/3/606
f 609/1/609 611/2/611 612/3/612
f 609/1/609 612/2/612 610/3/610
f 613/1/613 615/2/615 616/3/616
f 613/1/613 616/2/616 614/3/614
f 617/1/617 619/2/619 620/3/620
f 617/1/617 620/2/620 618/3/618
f 621/1/621 623/2/623 624/3/624
f 621/1/621 624/2/624 622/3/622
f 625/1/625 627/2/627 628/3/628
f 625/1/625 628/2/628 626/3/626
f 629/1/629 631/2/631 632/3/632
f 629/1/629 632/2/632 630/3/630
f 633/1/633 635/2/635 636/3/636
f 633/1/633 636/2/636 634/3/634
f 637/1/637 639/2/639 640/3/640
f 637/1/637 640/2/640 638/3/638
f 641/1/641 643/2/643 644/3/644
f 641/1/641 644/2/644 642/3/642
f 645/1/645 647/2/647 648/3/648
f 645/1/645 648/2/648 646/3/646
f 649/1/649 651/2/651 652/3/652
f 649/1/649 652/2/652 650/3/650
f 653/1/653 655/2/655 656/3/656
f 653/1/653 656/2/656 654/3/654
f 657/1/657 659/2/659 660/3/660
f 657/1/657 660/2/660 658/3/658
f 661/1/661 663/2/663 664/3/664
f 661/1/661 664/2/664 662/3/662
f 665/1/665 667/2/667 668/3/668
f 665/1/665 668/2/668 666/3/666
f 669/1/669 671/2/671 672/3/672
f 669/1/669 672/2/672 670/3/670
f 673/1/673 675/2/675 676/3/676
f 673/1/673 676/2/676 674/3/674
f 677/1/677 679/2/679 680/3/680
f 677/1/677 680/2/680 678/3/678
f 681/1/681 683/2/683 684/3/684
f 681/1/681 684/2/684 682/3/682
f 685/1/685 687/2/687 688/3/688
f 685/1/685 688/2/688 686/3/686
f 689/1/689 691/2/691 692/3/692
f 689/1/689 692/2/692 690/3/690
f 693/1/693 695/2/695 696/3/696
f 693/1/693 696/2/696 694/3/694
f 697/1/697 699/2/699 700/3/700
f 697/1/697 700/2/700 698/3/698
f 701/1/701 703/2/703 704/3/704
f 701/1/701 704/2/704 702/3/702
f 705/1/705 707/2/707 708/3/708
f 705/1/705 708/2/708 706/3/706
f 709/1/709 711/2/711 712/3/712
f 709/1/709 712/2/712 710/3/710
f 713/1/713 715/2/715 716/3/716
f 713/1/713 716/2/716 714/3/714
f 717/1/717 719/2/719 720/3/720
f 717/1/717 720/2/720 718/3/718
f 721/1/721 723/2/723 724/3/724
f 721/1/721 724/2/724 722/3/722
f 725/1/725 727/2/727 728/3/728
f 725/1/725 728/2/728 726/3/726
f 729/1/729 731/2/731 732/3/732
f 729/1/729 732/2/732 730/3/730
f 733/1/733 735/2/735 736/3/736
f 733/1/733 736/2/736 734/3/734
f 737/1/737 739/2/739 740/3/740
f 737/1/737 740/2/740 738/3/738
f 741/1/741 743/2/743 744/3/744
f 741/1/741 744/2/744 742/3/742
f 745/1/745 747/2/747 748/3/748
f 745/1/745 748/2/748 746/3/746
f 749/1/749 751/2/751 752/3/752
f 749/1/749 752/2/752 750/3/750
f 753/1/753 755/2/755 756/3/756
f 753/1/753 756/2/756 754/3/754
f 757/1/757 759/2/759 760/3/760
f 757/1/757 760/2/760 758/3/758
f 761/1/761 763/2/763 764/3/764
f 761/1/761 764/2/764 762/3/762
f 765/1/765 767/2/767 768/3/768
f 765/1/765 768/2/768 766/3/766
f 769/1/769 771/2/771 770/3/770
f 772/1/772 774/2/774 773/3/773
f 775/1/775 777/2/777 776/3/776
f 778/1/778 780/2/780 779/3/779
f 781/1/781 783/2/783 782/3/782
f 784/1/784 786/2/786 785/3/785
f 787/1/787 789/2/789 788/3/788
f 790/1/790 792/2/792 791/3/791
f 793/1/793 795/2/795 794/3/794
f 796/1/796 798/2/798 797/3/797
f 799/1/799 801/2/801 800/3/800
f 802/1/802 804/2/804 803/3/803
f 805/1/805 807/2/807 806/3/806
f 808/1/808 810/2/810 809/3/809
f 811/1/811 813/2/813 812/3/812
f 814/1/814 816/2/816 815/3/815
f 817/1/817 818/2/818 819/3/819
f 817/1/817 819/2/819 820/3/820
f 821/1/821 822/2/822 823/3/823
f 821/1/821 823/2/823 824/3/824
f 817/1/817 818/2/818 822/3/822
f 817/1/817 822/2/822 821/3/821
f 819/1/819 820/2/820 824/3/824
f 819/1/819 824/2/824 823/3/823
f 818/1/818 819/2/819 823/3/823
f 818/1/818 823/2/823 822/3/822
f 817/1/817 820/2/820 824/3/824
f 817/1/817 824/2/824 821/3/821
f 825/1/825 826/2/826 827/3/827
f 825/1/825 827/2/827 828/3/828
f 829/1/829 830/2/830 831/3/831
f 832/1/832 833/2/833 834/3/834
f 832/1/832 834/2/834 835/3/835
f 836/1/836 837/2/837 838/3/838
f 839/1/839 840/2/840 841/3/841
f 839/1/839 841/2/841 842/3/842
f 843/1/843 844/2/844 845/3/845
f 846/1/846 847/2/847 848/3/848
f 846/1/846 848/2/848 849/3/849
f 850/1/850 851/2/851 852/3/852
f 853/1/853 854/2/854 855/3/855
f 853/1/853 855/2/855 856/3/856
f 857/1/857 858/2/858 859/3/859
f 860/1/860 861/2/861 862/3/862
f 860/1/860 862/2/862 863/3/863
f 864/1/864 865/2/865 866/3/866
f 867/1/867 868/2/868 869/3/869
f 867/1/867 869/2/869 870/3/870
f 871/1/871 872/2/872 873/3/873
f 874/1/874 875/2/875 876/3/876
f 874/1/874 876/2/876 877/3/877
f 878/1/878 879/2/879 880/3/880
f 881/1/881 882/2/882 883/3/883
f 881/1/881 883/2/883 884/3/884
f 885/1/885 886/2/886 887/3/887
f 885/1/885 887/2/887 888/3/888
f 881/1/881 882/2/882 886/3/886
f 881/1/881 886/2/886 885/3/885
f 883/1/883 884/2/884 888/3/888
f 883/1/883 888/2/888 887/3/887
f 882/1/882 883/2/883 887/3/887
f 882/1/882 887/2/887 886/3/886
f 881/1/881 884/2/884 888/3/888
f 881/1/881 888/2/888 885/3/885
f 889/1/889 890/2/890 891/3/891
f 889/1/889 891/2/891 892/3/892
f 893/1/893 894/2/894 895/3/895
f 896/1/896 897/2/897 898/3/898
f 896/1/896 898/2/898 899/3/899
f 900/1/900 901/2/901 902/3/902
f 903/1/903 904/2/904 905/3/905
f 903/1/903 905/2/905 906/3/906
f 907/1/907 908/2/908 909/3/909
f 910/1/910 911/2/911 912/3/912
f 910/1/910 912/2/912 913/3/913
f 914/1/914 915/2/915 916/3/916
f 917/1/917 918/2/918 919/3/919
f 917/1/917 919/2/919 920/3/920
f 921/1/921 922/2/922 923/3/923
f 924/1/924 925/2/925 926/3/926
f 924/1/924 926/2/926 927/3/927
f 928/1/928 929/2/929 930/3/930
f 931/1/931 932/2/932 933/3/933
f 931/1/931 933/2/933 934/3/934
f 935/1/935 936/2/936 937/3/937
f 938/1/938 939/2/939 940/3/940
f 938/1/938 940/2/940 941/3/941
f 942/1/942 943/2/943 944/3/944
f 945/1/945 946/2/946 947/3/947
f 945/1/945 947/2/947 948/3/948
f 949/1/949 950/2/950 951/3/951
f 952/1/952 953/2/953 954/3/954
f 952/1/952 954/2/954 955/3/955
f 956/1/956 957/2/957 958/3/958
f 959/1/959 960/2/960 961/3/961
f 959/1/959 961/2/961 962/3/962
f 963/1/963 964/2/964 965/3/965
f 966/1/966 967/2/967 968/3/968
f 966/1/966 968/2/968 969/3/969
f 970/1/970 971/2/971 972/3/972
f 973/1/973 974/2/974 975/3/975
f 973/1/973 975/2/975 976/3/976
f 977/1/977 978/2/978 979/3/979
f 980/1/980 981/2/981 982/3/982
f 980/1/980 982/2/982 983/3/983
f 984/1/984 985/2/985 986/3/986
f 987/1/987 988/2/988 989/3/989
f 987/1/987 989/2/989 990/3/990
f 991/1/991 992/2/992 993/3/993
f 994/1/994 995/2/995 996/3/996
f 994/1/994 996/2/996 997/3/997
f 998/1/998 999/2/999 1000/3/1000
f 1001/1/1001 1002/2/1002 1003/3/1003
f 1001/1/1001 1003/2/1003 1004/3/1004
f 1005/1/1005 1006/2/1006 1007/3/1007
f 1008/1/1008 1009/2/1009 1010/3/1010
f 1008/1/1008 1010/2/1010 1011/3/1011
f 1012/1/1012 1013/2/1013 1014/3/1014
f 1015/1/1015 1016/2/1016 1017/3/1017
f 1015/1/1015 1017/2/1017 1018/3/1018
f 1019/1/1019 1020/2/1020 1021/3/1021
f 1022/1/1022 1023/2/1023 1024/3/1024
f 1022/1/1022 1024/2/1024 1025/3/1025
f 1026/1/1026 1027/2/1027 1028/3/1028
f 1029/1/1029 1030/2/1030 1031/3/1031
f 1029/1/1029 1031/2/1031 1032/3/1032
f 1033/1/1033 1034/2/1034 1035/3/1035
f 1036/1/1036 1037/2/1037 1038/3/1038
f 1036/1/1036 1038/2/1038 1039/3/1039
f 1040/1/1040 1041/2/1041 1042/3/1042
f 1043/1/1043 1044/2/1044 1045/3/1045
f 1043/1/1043 1045/2/1045 1046/3/1046
f 1047/1/1047 1048/2/1048 1049/3/1049
f 1050/1/1050 1051/2/1051 1052/3/1052
f 1050/1/1050 1052/2/1052 1053/3/1053
f 1054/1/1054 1055/2/1055 1056/3/1056
f 1057/1/1057 1058/2/1058 1059/3/1059
f 1057/1/1057 1059/2/1059 1060/3/1060
f 1061/1/1061 1062/2/1062 1063/3/1063
f 1064/1/1064 1065/2/1065 1066/3/1066
f 1064/1/1064 1066/2/1066 1067/3/1067
f 1068/1/1068 1069/2/1069 1070/3/1070
f 1071/1/1071 1072/2/1072 1073/3/1073
f 1071/1/1071 1073/2/1073 1074/3/1074
f 1075/1/1075 1076/2/1076 1077/3/1077
f 1078/1/1078 1079/2/1079 1080/3/1080
f 1078/1/1078 1080/2/1080 1081/3/1081
f 1082/1/1082 1083/2/1083 1084/3/1084
f 1085/1/1085 1086/2/1086 1087/3/1087
f 1085/1/1085 1087/2/1087 1088/3/1088
f 1089/1/1089 1090/2/1090 1091/3/1091
f 1092/1/1092 1093/2/1093 1094/3/1094
f 1092/1/1092 1094/2/1094 1095/3/1095
f 1096/1/1096 1097/2/1097 1098/3/1098
f 1099/1/1099 1100/2/1100 1101/3/1101
f 1099/1/1099 1101/2/1101 1102/3/1102
f 1103/1/1103 1104/2/1104 1105/3/1105
f 1106/1/1106 1107/2/1107 1108/3/1108
f 1106/1/1106 1108/2/1108 1109/3/1109
f 1110/1/1110 1111/2/1111 1112/3/1112
f 1113/1/1113 1114/2/1114 1115/3/1115
f 1113/1/1113 1115/2/1115 1116/3/1116
f 1117/1/1117 1118/2/1118 1119/3/1119
f 1120/1/1120 1121/2/1121 1122/3/1122
f 1120/1/1120 1122/2/1122 1123/3/1123
f 1124/1/1124 1125/2/1125 1126/3/1126
f 1127/1/1127 1128/2/1128 1129/3/1129
f 1127/1/1127 1129/2/1129 1130/3/1130
f 1131/1/1131 1132/2/1132 1133/3/1133
f 1134/1/1134 1135/2/1135 1136/3/1136
f 1134/1/1134 1136/2/1136 1137/3/1137
f 1138/1/1138 1139/2/1139 1140/3/1140
